# seguidor;seguido
@alice.moraes;@xenia.teixeira
@rafael.pinto;@theo.cardoso
@manuela.rocha;@davi
@arthur.barbosa;@zeca.cardoso
@heitor.ramos92;@nicolas.ramos
@beatriz.souza;@heitor.ramos92
@samuel.moraes;@quesia.teixeira64
@wagner.freitas;@arthur.barbosa
@manuela.almeida;@alice.freitas4
@davi;@enzo.santos
@mariana.pinto;@gael.ribeiro
@samuel.souza;@sofia.santos39
@theo.cardoso;@pedro.barbosa
@pedro.barbosa;@isabela.cardoso12
@ana;@theo.moraes15
@rafael.dias;@mariana.barbosa
@gabi.barbosa;@lucas.barbosa
@heitor.ramos92;@wagner.pereira
@cecilia.moraes;@laura.pinto
@joao.gomes;@zeca.cardoso
@valentina.souza;@theo.moraes15
@wagner.freitas;@livia.gomes
@eva;@rafael.silva
@mariana.gomes;@samuel.santos
@eva.ribeiro;@sofia.rocha21
@lorena.rocha;@gustavo.almeida
@davi.silva;@mariana.barbosa
@beatriz.almeida;@valentina.souza
@wagner.barbosa;@alice.moraes
@theo.moraes15;@carla.freitas
@julia.barbosa;@theo.moraes15
@heitor.ramos;@bernardo.dias
@leonardo.dias;@zeca.barbosa
@helena.silva;@debora.dias
@xenia.pinto;@olivia.ramos
@laura.pinto;@theo.moraes15
@arthur.ramos;@leonardo.dias30
@ursula.ramos;@fabio.santos
@debora.ramos;@sofia.rocha
@beatriz.pinto;@cecilia.gomes
@pedro.silva;@joao.gomes
@pedro.silva;@mariana.pereira81
@manuela.lima;@gabi.barbosa
@ursula.ramos;@carla.martins
@xenia.pinto;@davi
@mariana.martins;@mariana.pinto
@beatriz.santos;@samuel.dias
@yasmin.martins;@davi
@karina.santos;@ana.santos
@matheus.rocha;@fabio.almeida
@julia.moraes;@arthur.freitas
@livia.gomes;@manuela.gomes
@debora.ramos;@carla.pinto7
@gabi.barbosa;@manuela.gomes
@sofia.teixeira;@quesia.ribeiro
@arthur.freitas;@julia.moraes
@quesia.ribeiro;@davi.santos
@cecilia.dias;@heitor.rocha
@gustavo.almeida;@davi
@samuel.moraes92;@theo.moraes15
@theo.ribeiro;@debora.rocha
@valentina.cardoso;@theo.moraes15
@alice.freitas4;@fabio.almeida
@livia.costa;@beatriz.pereira
@debora.ramos;@helena.freitas
@tiago.silva;@davi
@fabio.ramos;@helena.gomes
@beatriz.souza;@olivia.ramos
@joao.freitas;@bernardo.silva
@nicolas.barbosa;@manuela.ribeiro
@arthur.teixeira;@bernardo.dias
@bruno.freitas;@theo.moraes15
@heitor.moraes;@laura.ribeiro
@joao.teixeira;@felipe.barbosa41
@eva.silva;@ana
@zeca.ribeiro;@theo.ribeiro
@livia.gomes;@cecilia.dias
@olivia.santos;@wagner.freitas
@ana.teixeira;@theo.moraes15
@carla.pinto;@theo.moraes15
@arthur.barbosa;@lorena.rocha
@ursula.freitas;@gabi
@xenia.pinto;@laura.oliveira
@julia.moraes;@zeca.cardoso
@rafael.silva;@julia.rocha
@leonardo.dias;@lorena.rocha
@heitor.ramos92;@manuela.ribeiro
@felipe.barbosa41;@theo.moraes15
@olivia.costa;@theo.ribeiro
@theo.ribeiro;@isabela.pereira
@sofia.cardoso;@miguel.moraes
@rafael.pinto62;@joao.martins
@fabio.almeida;@gustavo.oliveira
@debora.dias;@gustavo.silva
@quesia.ribeiro;@enzo.pereira
@laura.pereira;@ursula.teixeira
@heitor.ramos92;@theo.ribeiro
@quesia.teixeira64;@carla
@laura.ribeiro41;@enzo.pinto
@beatriz.souza;@wagner.pereira
@sofia.santos;@gustavo.costa
@nicolas.freitas;@enzo.pinto
@heitor.freitas;@alice.freitas4
@matheus.santos;@quesia.dias
@mariana.martins;@yasmin.martins
@samuel.souza;@zeca.cardoso
@ursula.freitas;@joao.gomes
@beatriz.souza;@yasmin.almeida
@beatriz.pereira4;@matheus.rocha
@carla.oliveira;@matheus.santos
@rafael.silva;@manuela.ribeiro
@manuela.silva;@laura.ribeiro
@rafael.pinto;@theo.moraes
@tiago.silva;@debora.cardoso94
@gustavo.oliveira;@samuel.moraes
@vitor.lima;@theo.moraes15
@heitor.ramos92;@fabio.martins
@valentina.teixeira;@samuel.rocha
@gael.ribeiro;@ana.costa59
@sofia.santos39;@mariana.pereira81
@tiago.pereira;@gabi.pinto
@rafael.pinto17;@yasmin.almeida
@felipe.barbosa41;@julia.freitas
@quesia.rocha;@pedro.barbosa
@davi;@helena.gomes
@carla.pereira;@laura.ribeiro
@arthur.teixeira;@bruno.barbosa
@helena.lima;@ana.santos
@isabela.cardoso12;@beatriz.gomes
@tiago.pereira;@davi
@matheus.rocha;@enzo.pinto
@quesia.teixeira64;@beatriz.gomes
@quesia.rocha;@helena.rocha
@livia.gomes;@yasmin.ribeiro
@laura.cardoso62;@debora.dias
@ursula.cardoso;@theo.ribeiro
@quesia.ribeiro;@joao.silva
@theo.freitas;@beatriz.pinto
@tiago.pereira;@mariana.pinto
@fabio.pinto;@manuela.silva
@julia.rocha;@theo.moraes87
@quesia.rocha;@arthur.ramos
@nicolas.gomes;@beatriz.gomes
@davi.santos21;@ana.costa
@valentina.silva;@lucas.pinto
@gael.ribeiro13;@matheus.santos
@samuel.santos;@beatriz.pinto
@quesia.ribeiro;@helena.lima
@eva;@zeca.cardoso
@miguel.freitas;@mariana.pereira81
@sofia.cardoso;@tiago.santos
@beatriz.pereira4;@arthur.ramos
@livia.freitas;@julia.freitas
@sofia.costa;@joao.cardoso67
@theo.martins5;@yasmin.ribeiro
@laura.ribeiro;@ana.costa59
@manuela.almeida;@isabela.cardoso12
@arthur.freitas;@enzo.pinto
@julia.moraes;@bernardo.martins
@theo.ribeiro;@theo.martins5
@beatriz.pereira4;@xenia.pinto
@samuel.rocha;@fabio.martins
@theo.ribeiro;@karina.santos
@alice.freitas4;@matheus.dias
@pedro.barbosa;@beatriz.almeida
@livia.teixeira;@mariana.ribeiro
@joao.cardoso;@helena.lima
@enzo.pinto;@ana.costa59
@alice.freitas;@theo.moraes15
@nicolas.gomes;@davi
@samuel.dias;@mariana.barbosa
@livia.costa;@carla.oliveira
@gabi;@davi.santos
@heitor.ramos92;@pedro.barbosa
@theo.cardoso;@theo.moraes15
@manuela.ribeiro;@eva.silva
@arthur.santos;@rafael.pinto17
@beatriz.pereira;@sofia.teixeira23
@manuela.ribeiro;@bernardo.dias
@quesia.teixeira64;@theo.moraes15
@rafael.silva;@eva
@rafael.pinto17;@tiago.santos
@wagner.freitas;@laura.cardoso62
@manuela.gomes;@sofia.teixeira
@miguel.moraes;@mariana.pereira81
@enzo.pereira;@caio.barbosa
@pedro.barbosa;@tiago.pereira
@nicolas.cardoso;@fabio.ramos
@carla.pereira;@pedro.barbosa
@helena.lima;@mariana.almeida
@manuela.silva;@fabio.pinto
@beatriz.pereira4;@joao.gomes
@leonardo.ramos;@theo.moraes15
@theo.martins5;@bernardo.dias13
@laura.cardoso;@nicolas.gomes
@ana.santos;@carla.pinto
@mariana.pereira81;@tiago.pereira
@gustavo.almeida;@bruno.almeida
@quesia.teixeira;@ana.santos
@julia.moraes;@alice.freitas4
@samuel.dias;@theo.ribeiro
@davi;@heitor.moraes
@isabela.cardoso12;@sofia.teixeira23
@yasmin.martins;@wagner.souza
@debora.cardoso;@theo.ribeiro
@livia.freitas;@gabi
@lorena.rocha;@beatriz.santos
@livia.teixeira;@leonardo.dias30
@manuela.silva;@miguel.costa
@eva.silva;@miguel.costa
@manuela.gomes;@beatriz.santos
@julia.rocha;@laura.cardoso
@gustavo.pinto;@matheus.santos
@isabela.cardoso12;@xenia.dias
@manuela.lima;@davi
@miguel.pinto;@lorena.rocha
@samuel.santos;@joao.teixeira
@gabi.barbosa;@samuel.dias
@miguel.costa;@gabi.barbosa
@mariana.gomes;@miguel.freitas
@theo.moraes15;@tiago.pereira
@ursula.freitas;@quesia.ribeiro
@samuel.moraes;@carla.oliveira
@pedro.barbosa;@gabi.barbosa
@gabi.barbosa;@bernardo.martins
@mariana.gomes;@mariana.barbosa
@felipe.barbosa41;@zeca.cardoso
@gustavo.almeida;@felipe.silva
@laura.ribeiro41;@samuel.pinto
@ana.costa59;@carla.freitas
@felipe.barbosa41;@davi.dias
@matheus.santos;@enzo.rocha
@fabio.santos;@laura.ribeiro
@joao.cardoso67;@manuela.gomes
@matheus.santos65;@alice.freitas
@debora.rocha;@leonardo.dias
@luisa.ramos;@ana.costa
@carla.pereira;@karina.santos
@sofia.costa;@zeca.ribeiro
@olivia.ramos;@samuel.pinto
@beatriz.gomes;@sofia.santos
@miguel.costa;@theo.moraes87
@rafael.pinto;@joao.cardoso67
@sofia.santos39;@quesia.teixeira
@eva.silva;@heitor.ramos92
@theo.moraes15;@matheus.dias
@sofia.santos39;@davi
@theo.moraes15;@eva.silva
@bruno.silva;@quesia.teixeira
@fabio.almeida;@pedro.barbosa
@sofia.cardoso;@enzo.santos
@theo.moraes15;@wagner.pereira
@gustavo.almeida;@ursula.ribeiro
@caio.barbosa;@miguel.freitas
@theo.ribeiro;@xenia.dias
@ana.teixeira;@pedro.silva
@sofia.teixeira;@valentina.teixeira
@caio.freitas;@ana.santos
@tiago.santos;@davi
@nicolas.barbosa;@matheus.santos
@fabio.almeida;@beatriz.pereira
@alice.freitas;@tiago.santos
@gabi;@davi
@wagner.pereira46;@alice.freitas4
@carla.pereira;@nicolas.martins
@zeca.barbosa;@carla.oliveira
@rafael.silva;@theo.moraes15
@arthur.freitas;@wagner.freitas
@matheus.santos65;@bernardo.dias
@alice.freitas;@eva.silva
@fabio.pinto;@fabio.santos
@ursula.ribeiro;@felipe.barbosa41
@rafael.pinto;@sofia.cardoso
@felipe.oliveira;@enzo.santos
@matheus.santos;@nicolas.cardoso
@pedro.barbosa;@samuel.moraes92
@wagner.barbosa;@theo.ribeiro
@alice.freitas;@zeca.cardoso
@theo.cardoso;@ana.santos
@theo.moraes15;@debora.dias
@pedro.silva;@samuel.moraes92
@arthur.cardoso;@heitor.moraes
@arthur.barbosa;@laura.silva
@lorena.moraes;@miguel.moraes
@theo.moraes87;@eva
@quesia.teixeira64;@enzo.pinto
@gustavo.silva;@arthur.cardoso
@isabela.freitas;@samuel.almeida
@carla.oliveira;@theo.martins5
@heitor.ramos92;@ana.costa
@lorena.pereira;@quesia.teixeira
@joao.silva;@theo.moraes15
@arthur.ramos;@davi
@joao.gomes;@mariana.gomes
@gabi.pinto;@livia.gomes
@gustavo.oliveira;@samuel.pinto
@debora.cardoso;@beatriz.gomes
@isabela.ramos;@mariana.almeida
@arthur.freitas;@manuela.ribeiro
@samuel.santos;@manuela.ribeiro
@caio.barbosa;@mariana.pinto
@ana.santos;@joao.martins
@wagner.freitas;@debora.cardoso
@leonardo.ramos;@laura.pereira
@valentina.cardoso;@beatriz.santos
@gael.ribeiro;@pedro.barbosa
@fabio.santos;@julia.barbosa
@zeca.cardoso;@davi
@enzo.pereira;@xenia.teixeira
@matheus.santos65;@fabio.martins
@matheus.santos65;@joao.gomes
@bruno;@matheus.santos
@beatriz.santos;@beatriz.souza
@theo.moraes87;@julia.barbosa
@beatriz.pereira4;@debora.cardoso94
@karina.santos;@davi
@lucas.pinto;@felipe.oliveira
@laura.silva;@manuela.rocha
@tiago.freitas;@davi.freitas
@bruno.barbosa;@eva.silva
@debora.rocha;@beatriz.pereira4
@carla;@theo.moraes15
@miguel.moraes;@heitor.ramos
@joao.cardoso;@sofia.costa
@theo.freitas;@theo.moraes15
@gabi.pinto;@manuela.gomes
@lucas.pinto;@laura.pereira
@manuela.ribeiro;@mariana.pereira81
@joao.silva;@matheus.santos
@eva.silva;@lorena.pereira
@gustavo.pinto;@theo.martins5
@bruno.barbosa;@mariana.pereira81
@ursula.freitas;@miguel.costa
@sofia.santos39;@pedro.barbosa
@bernardo.martins;@beatriz.souza
@quesia.ribeiro;@arthur.ramos
@samuel.souza;@isabela.cardoso
@valentina.silva;@davi.freitas
@matheus.rocha;@eva.silva
@theo.freitas;@mariana.pereira81
@tiago.silva;@enzo.rocha
@samuel.santos;@wagner.freitas
@laura.martins;@eva.silva
@wagner.freitas;@theo.moraes15
@sofia.teixeira23;@davi
@theo.ribeiro;@laura.ribeiro
@davi;@laura.martins
@miguel.moraes;@caio.barbosa
@leonardo.ramos;@felipe.oliveira
@wagner.barbosa;@theo.moraes15
@laura.ribeiro;@yasmin.almeida
@theo.moraes;@julia.moraes
@laura.martins;@leonardo.ramos
@bruno;@theo.ribeiro
@ana.santos;@davi.silva
@manuela.gomes;@julia.moraes60
@valentina.teixeira;@sofia.teixeira
@wagner.martins;@helena.lima
@davi;@isabela.ramos
@sofia.teixeira;@manuela.gomes
@fabio.martins;@isabela.freitas
@lorena.rocha;@laura.pereira
@nicolas.cardoso;@zeca.cardoso
@manuela.gomes;@miguel.pinto
@livia.teixeira;@davi.freitas
@ana.teixeira;@bruno.freitas
@carla.freitas;@valentina.silva
@miguel.moraes;@davi.santos21
@miguel.moraes;@quesia.ribeiro
@bruno.freitas;@lucas.barbosa
@samuel.pinto;@samuel.dias
@sofia.teixeira;@miguel.costa
@valentina.silva;@lorena.rocha
@nicolas.gomes;@karina.santos
@matheus.dias;@carla
@isabela.cardoso;@theo.moraes15
@valentina.silva;@samuel.pinto
@manuela.ribeiro;@theo.moraes15
@olivia.freitas;@wagner.pereira
@arthur.santos;@theo.moraes15
@matheus.rocha;@gustavo.costa
@beatriz.pereira;@fabio.almeida
@fabio.santos;@manuela.ribeiro
@theo.cardoso;@manuela.almeida
@valentina.souza;@zeca.ribeiro
@ana;@bernardo.dias13
@sofia.teixeira23;@leonardo.ramos
@laura.ribeiro41;@beatriz.gomes
@beatriz.gomes;@livia.gomes
@samuel.souza;@felipe.oliveira
@beatriz.pinto;@ursula.ribeiro
@lorena.pereira;@nicolas.gomes
@quesia.ribeiro;@livia.gomes
@ana.costa;@yasmin.almeida
@debora.dias;@wagner.pereira
@quesia.teixeira;@davi
@debora.ramos;@joao.martins
@arthur.barbosa;@laura.ribeiro41
@sofia.rocha21;@manuela.lima
@helena.rocha;@miguel.moraes
@laura.martins;@theo.moraes15
@samuel.almeida;@theo.moraes15
@samuel.rocha;@gabi.pinto
@joao.cardoso67;@davi
@fabio.martins;@joao.gomes
@bernardo.martins;@heitor.ramos
@debora.rocha;@karina.santos
@quesia.teixeira64;@eva.silva
@samuel.almeida;@laura.silva
@arthur.barbosa;@luisa.almeida
@ursula.freitas;@fabio.santos
@cecilia.moraes;@ursula.ramos
@laura.martins;@theo.ribeiro
@laura.silva;@carla
@davi;@debora.ramos
@wagner.martins;@davi
@fabio.almeida;@arthur.santos
@sofia.teixeira23;@theo.moraes15
@pedro.silva;@davi
@cecilia.dias;@eva.silva
@davi;@ana.costa
@manuela.ribeiro;@quesia.rocha
@felipe.oliveira;@helena.freitas
@laura.ribeiro41;@carla.oliveira
@gabi.pinto;@pedro.barbosa
@rafael.dias;@beatriz.pinto
@manuela.gomes;@laura.pinto
@alice.freitas4;@mariana.ribeiro
@valentina.cardoso;@lorena.rocha
@lorena.rocha;@yasmin.ribeiro
@manuela.almeida;@matheus.santos
@sofia.santos;@gabi
@helena.lima;@isabela.freitas46
@tiago.freitas;@beatriz.souza
@alice.freitas;@lorena.rocha
@samuel.almeida;@livia.gomes
@enzo.rocha;@julia.freitas
@bruno.barbosa;@heitor.ramos
@livia.teixeira;@joao.cardoso67
@wagner.souza;@theo.ribeiro
@gabi.barbosa;@theo.ribeiro
@enzo.rocha;@tiago.santos
@debora.cardoso94;@manuela.ribeiro
@leonardo.ramos;@isabela.freitas
@olivia.costa;@miguel.pinto
@arthur.santos;@zeca.ribeiro
@vitor.lima;@zeca.cardoso
@theo.moraes87;@carla.pereira
@olivia.ramos;@wagner.pereira
@theo.cardoso;@manuela.gomes
@isabela.cardoso;@beatriz.pinto
@ursula.teixeira;@lorena.rocha
@samuel.souza;@quesia.teixeira
@miguel.costa;@nicolas.barbosa
@bernardo.silva;@theo.moraes15
@valentina.souza;@joao.cardoso
@heitor.moraes;@olivia.ramos
@debora.cardoso;@bernardo.dias
@arthur.cardoso;@enzo.rocha
@beatriz.pinto;@arthur.barbosa
@fabio.santos;@davi
@mariana.almeida;@zeca.cardoso
@rafael.dias;@quesia.ribeiro
@theo.moraes;@helena.lima
@joao.teixeira;@isabela.pereira
@carla.pinto7;@ana.santos
@bernardo.silva;@pedro.barbosa
@bruno.barbosa;@enzo.pereira
@wagner.souza;@fabio.santos
@fabio.almeida;@miguel.freitas
@helena.lima;@beatriz.pereira
@quesia.ribeiro;@theo.moraes
@ursula.ribeiro;@davi.freitas
@arthur.freitas;@mariana.pereira81
@matheus.santos;@helena.freitas
@beatriz.pinto;@gustavo.costa
@ana.costa;@ana.santos
@isabela.freitas46;@miguel.freitas
@xenia.dias;@laura.pinto
@joao.gomes;@wagner.pereira46
@ana.costa;@nicolas.gomes
@laura.pereira;@enzo.rocha
@lorena.moraes;@helena.lima
@manuela.silva;@beatriz.gomes
@mariana.pereira;@mariana.barbosa
@manuela.gomes;@carla.oliveira
@samuel.almeida;@enzo.rocha
@samuel.santos;@theo.moraes
@bruno;@gabi.barbosa
@davi.santos21;@alice.freitas
@theo.moraes;@felipe.barbosa41
@livia.freitas;@pedro.barbosa
@theo.ribeiro;@lucas.pinto
@davi.santos;@ana.costa
@laura.ribeiro41;@fabio.martins
@nicolas.gomes;@eva.silva
@mariana.pinto;@matheus.santos
@cecilia.dias;@mariana.barbosa
@isabela.cardoso12;@valentina.silva
@yasmin.ribeiro;@wagner.freitas
@laura.cardoso;@gabi.pinto
@sofia.teixeira;@quesia.dias
@theo.freitas;@debora.cardoso
@manuela.ribeiro;@nicolas.cardoso
@mariana.pinto;@ana.santos
@yasmin.almeida;@laura.pereira
@joao.cardoso67;@bernardo.dias
@julia.freitas;@sofia.santos39
@arthur.freitas;@quesia.teixeira64
@laura.pereira;@ana
@joao.silva;@enzo.rocha
@gustavo.oliveira;@beatriz.gomes
@samuel.almeida;@pedro.barbosa
@tiago.silva;@alice.freitas4
@quesia.rocha;@davi
@miguel.pinto;@matheus.santos
@alice.freitas4;@yasmin.costa
@tiago.freitas;@alice.freitas
@davi.silva;@sofia.costa
@livia.freitas;@zeca.cardoso
@cecilia.dias;@lorena.rocha
@davi.santos;@pedro.barbosa
@helena.lima;@felipe.oliveira
@nicolas.barbosa;@debora.ramos
@manuela.almeida;@theo.moraes
@nicolas.barbosa;@beatriz.pinto
@debora.ramos;@davi
@davi.silva;@enzo.pinto
@theo.martins;@eva.silva
@wagner.freitas;@olivia.costa
@ursula.cardoso;@tiago.freitas
@joao.teixeira;@beatriz.gomes
@enzo.rocha;@arthur.freitas
@quesia.ribeiro;@heitor.souza
@heitor.souza;@heitor.moraes
@olivia.costa;@enzo.pinto
@lucas.barbosa;@enzo.rocha
@gustavo.costa;@gustavo.almeida
@debora.ramos;@manuela.gomes
@isabela.cardoso12;@theo.moraes15
@julia.freitas;@theo.ribeiro
@quesia.teixeira;@carla.oliveira
@samuel.moraes;@yasmin.costa
@joao.gomes;@nicolas.martins
@heitor.ramos92;@felipe.oliveira24
@manuela.gomes;@quesia.ribeiro
@manuela.rocha;@livia.teixeira
@theo.moraes;@bernardo.dias
@manuela.rocha;@pedro.barbosa
@laura.oliveira;@nicolas.gomes
@julia.freitas;@enzo.rocha
@debora.ramos;@wagner.pereira46
@pedro.barbosa;@ana.costa
@helena.lima;@theo.moraes
@tiago.pereira;@gabi
@tiago.silva;@theo.ribeiro
@miguel.moraes;@gabi.barbosa
@felipe.barbosa41;@fabio.almeida
@alice.moraes;@rafael.pinto17
@joao.gomes;@arthur.barbosa
@debora.rocha;@nicolas.barbosa
@davi.santos21;@theo.ribeiro
@julia.rocha;@wagner.barbosa
@joao.gomes;@debora.ramos
@samuel.rocha;@valentina.teixeira
@enzo.santos;@davi
@joao.cardoso67;@theo.ribeiro
@tiago.silva;@fabio.santos
@tiago.freitas;@zeca.cardoso
@yasmin.costa;@theo.ribeiro
@manuela.silva;@quesia.ribeiro
@miguel.moraes;@pedro.barbosa
@davi.dias;@laura.pereira
@rafael.dias;@miguel.pinto54
@olivia.ramos;@pedro.barbosa
@miguel.pinto;@theo.ribeiro
@nicolas.gomes;@lorena.rocha
@isabela.cardoso12;@olivia.ramos
@ana.teixeira;@theo.ribeiro
@pedro.barbosa;@laura.pinto
@eva.silva;@fabio
@joao.freitas;@eva.silva
@lorena.rocha;@debora.ramos
@sofia.teixeira23;@julia.rocha
@nicolas.ramos;@miguel.costa
@nicolas.martins;@manuela.ribeiro
@valentina.rocha;@matheus.santos
@ana.costa59;@theo.ribeiro
@beatriz.pereira4;@nicolas.gomes
@mariana.gomes;@rafael.silva
@gustavo.almeida;@eva.silva
@rafael.dias;@zeca.cardoso
@tiago.pereira;@joao.teixeira
@matheus.dias;@matheus.santos65
@helena.rocha;@valentina.souza
@mariana.ribeiro;@valentina.rocha
@helena.gomes;@valentina.souza
@matheus.santos65;@julia.barbosa
@davi;@theo.martins
@felipe.silva;@livia.gomes
@leonardo.dias30;@nicolas.cardoso
@julia.moraes60;@manuela.rocha
@pedro.barbosa;@helena.lima
@theo.ribeiro;@davi
@sofia.santos;@rafael.silva
@bernardo.dias;@carla.pinto7
@mariana.gomes;@bernardo.dias
@beatriz.pereira4;@sofia.teixeira
@ursula.cardoso;@zeca.cardoso
@wagner.pereira46;@quesia.teixeira64
@felipe.silva;@quesia.ribeiro
@fabio.almeida;@manuela.almeida
@joao.teixeira;@gabi
@xenia.dias;@beatriz.pereira4
@alice.moraes;@olivia.ramos
@samuel.dias;@manuela.ribeiro
@felipe.silva;@theo.moraes15
@joao.freitas;@alice.freitas4
@isabela.cardoso;@ana.santos
@vitor.lima;@davi.santos
@leonardo.ramos;@valentina.silva
@samuel.rocha;@enzo.pinto
@tiago.santos;@mariana.pereira81
@beatriz.santos;@lorena.rocha
@gustavo.silva;@isabela.cardoso12
@miguel.moraes;@manuela.ribeiro
@samuel.almeida;@leonardo.ramos
@theo.martins;@beatriz.pinto
@manuela.gomes;@enzo.pinto
@samuel.rocha;@manuela.ribeiro
@ursula.freitas;@arthur.teixeira
@wagner.barbosa;@davi
@lucas.pinto;@miguel.costa
@manuela.ribeiro;@sofia.teixeira23
@mariana.gomes;@isabela.cardoso
@miguel.moraes;@sofia.teixeira
@debora.ramos;@rafael.pinto
@samuel.pinto;@laura.pereira
@julia.rocha;@leonardo.dias
@carla.oliveira;@gustavo.silva
@arthur.santos;@enzo.rocha
@carla.martins;@livia.costa
@heitor.souza;@laura.cardoso
@arthur.teixeira;@theo.moraes15
@enzo.pinto;@arthur.teixeira
@arthur.santos;@cecilia.gomes
@felipe.oliveira24;@caio.freitas
@ursula.teixeira;@theo.ribeiro
@beatriz.pereira;@eva.silva
@tiago.pereira;@theo.ribeiro
@julia.barbosa;@enzo.pinto
@lorena.moraes;@olivia.ramos
@livia.gomes;@rafael.pinto17
@rafael.pinto;@cecilia.dias
@laura.ribeiro;@lorena.rocha
@bruno.silva;@mariana.ribeiro
@heitor.moraes;@heitor.souza
@ana.santos;@quesia.teixeira64
@isabela.cardoso;@fabio.santos
@mariana.almeida;@davi
@julia.moraes60;@carla
@isabela.cardoso12;@ana.ramos
@nicolas.cardoso;@mariana.barbosa
@laura.martins;@yasmin.costa
@pedro.barbosa;@leonardo.dias30
@yasmin.almeida;@eva.silva
@samuel.souza;@carla.oliveira
@alice.freitas4;@enzo.pereira
@lorena.moraes;@wagner.souza
@ursula.ribeiro;@debora.rocha
@matheus.dias;@wagner.freitas
@rafael.dias;@manuela.ribeiro
@tiago.pereira;@gabi.barbosa
@livia.gomes;@carla.oliveira
@nicolas.ramos;@theo.martins
@fabio.martins;@laura.ribeiro41
@cecilia.dias;@zeca.cardoso
@davi.santos;@carla.oliveira
@julia.barbosa;@theo.moraes87
@bruno;@mariana.pereira81
@livia.teixeira;@yasmin.almeida
@tiago.santos;@eva
@ursula.teixeira;@mariana.barbosa
@wagner.pereira;@olivia.freitas
@lorena.rocha;@julia.freitas
@valentina.silva;@enzo.santos
@davi;@enzo.pereira
@julia.rocha;@davi
@debora.cardoso94;@beatriz.souza
@sofia.santos;@tiago.santos
@tiago.silva;@matheus.ramos
@isabela.cardoso;@eva.silva
@gabi;@joao.cardoso67
@debora.cardoso;@theo.freitas
@bruno.barbosa;@enzo.pinto
@mariana.pereira81;@yasmin.almeida
@luisa.almeida;@arthur.santos
@livia.teixeira;@samuel.santos
@matheus.santos;@gabi
@theo.martins5;@theo.freitas
@olivia.santos;@julia.freitas
@mariana.barbosa;@samuel.moraes
@gabi.ribeiro;@beatriz.pinto
@alice.freitas;@gabi
@pedro.barbosa;@miguel.freitas
@gustavo.oliveira;@heitor.ramos
@quesia.rocha;@manuela.ribeiro
@nicolas.martins;@tiago.pereira
@mariana.barbosa;@yasmin.almeida
@davi;@ursula.freitas
@joao.moraes;@theo.moraes15
@beatriz.pereira;@quesia.ribeiro
@sofia.costa;@nicolas.freitas
@yasmin.ribeiro;@sofia.costa
@miguel.pinto;@caio.barbosa
@heitor.moraes;@julia.barbosa
@manuela.ribeiro;@nicolas.gomes
@theo.ribeiro;@theo.freitas
@samuel.moraes92;@wagner.freitas
@theo.moraes;@cecilia.moraes
@caio.freitas;@manuela.ribeiro
@carla.pereira;@carla.pinto
@enzo.pereira;@bruno.barbosa
@wagner.martins;@eva.silva
@manuela.almeida;@pedro.barbosa
@rafael.dias;@lorena.rocha
@tiago.santos;@laura.ribeiro
@tiago.freitas;@sofia.teixeira23
@manuela.almeida;@mariana.pereira81
@davi.santos;@theo.moraes15
@sofia.santos39;@enzo.rocha
@carla.oliveira;@miguel.pinto
@leonardo.dias30;@theo.ribeiro
@miguel.freitas;@eva.silva
@ana.costa;@quesia.ribeiro
@livia.freitas;@matheus.dias
@isabela.pereira;@livia.costa
@matheus.rocha;@theo.moraes87
@heitor.ramos92;@enzo.pinto
@samuel.dias;@carla.oliveira
@helena.lima;@quesia.ribeiro
@lucas.barbosa;@manuela.almeida
@julia.moraes60;@mariana.pereira
@davi;@manuela.almeida
@cecilia.dias;@theo.ribeiro
@theo.moraes15;@livia.gomes
@theo.cardoso;@gabi
@samuel.rocha;@manuela.rocha
@alice.freitas4;@davi.santos
@mariana.pinto;@alice.freitas4
@laura.ribeiro41;@davi
@wagner.martins;@theo.martins5
@beatriz.pereira;@isabela.pereira
@debora.ramos;@carla.pinto
@olivia.costa;@valentina.teixeira
@laura.silva;@enzo.pereira
@gustavo.almeida;@nicolas.ramos
@helena.rocha;@matheus.rocha
@nicolas.martins;@samuel.dias
@davi.dias;@beatriz.almeida
@laura.pinto;@olivia.ramos
@debora.cardoso;@laura.ribeiro
@ana.santos;@carla.oliveira
@karina.santos;@debora.rocha
@ana.santos;@mariana.pinto
@isabela.freitas;@fabio.martins
@beatriz.santos;@manuela.ribeiro
@theo.ribeiro;@laura.cardoso
@matheus.santos;@bernardo.dias
@davi.santos;@arthur.freitas
@alice.moraes;@arthur.teixeira
@yasmin.almeida;@livia.teixeira
@fabio.ramos;@davi
@eva.ribeiro;@alice.freitas
@miguel.freitas;@carla.oliveira
@bruno.barbosa;@leonardo.dias30
@valentina.cardoso;@joao.teixeira
@laura.martins;@lorena.rocha
@theo.moraes87;@valentina.silva
@manuela.silva;@nicolas.barbosa
@samuel.rocha;@luisa.almeida
@wagner.barbosa;@quesia.teixeira
@quesia.ribeiro;@laura.martins
@matheus.santos;@joao.cardoso
@alice.freitas4;@mariana.pinto
@gabi.barbosa;@valentina.souza
@manuela.gomes;@bruno.barbosa
@tiago.freitas;@debora.cardoso
@julia.moraes60;@quesia.ribeiro
@livia.teixeira;@theo.freitas
@nicolas.barbosa;@nicolas.martins
@leonardo.dias;@beatriz.pinto
@heitor.moraes;@theo.ribeiro
@julia.rocha;@enzo.pinto
@julia.rocha;@theo.moraes
@ursula.ramos;@arthur.cardoso
@laura.cardoso;@beatriz.pereira
@manuela.gomes;@carla.freitas
@beatriz.santos;@pedro.barbosa
@joao.cardoso67;@lucas.pinto
@fabio.santos;@helena.gomes
@manuela.ribeiro;@ursula.ribeiro
@zeca.barbosa;@manuela.ribeiro
@theo.moraes15;@livia.freitas
@mariana.pereira81;@bruno
@julia.freitas;@matheus.santos65
@arthur.barbosa;@helena.gomes
@quesia.ribeiro;@gustavo.pinto
@arthur.santos;@ursula.ramos
@enzo.pereira;@felipe.silva
@caio.freitas;@tiago.silva
@manuela.ribeiro;@heitor.ramos
@bernardo.dias;@rafael.pinto
@beatriz.santos;@laura.martins
@theo.martins5;@quesia.ribeiro
@sofia.cardoso;@isabela.cardoso12
@manuela.almeida;@miguel.moraes
@manuela.lima;@julia.barbosa
@ursula.freitas;@bruno.freitas
@laura.martins;@julia.barbosa
@davi;@bernardo.martins
@davi;@valentina.souza
@bruno.freitas;@ana.costa
@livia.freitas;@laura.pinto
@davi;@wagner.pereira
@samuel.rocha;@matheus.santos
@matheus.santos;@enzo.pinto
@miguel.pinto54;@beatriz.pinto
@gustavo.oliveira;@theo.moraes15
@lucas.pinto;@isabela.cardoso
@theo.moraes15;@julia.freitas
@carla.martins;@theo.moraes15
@sofia.cardoso;@felipe.barbosa41
@felipe.oliveira;@zeca.cardoso
@bernardo.martins;@ana.teixeira
@bernardo.dias13;@theo.moraes15
@leonardo.dias;@ursula.teixeira
@gael.ribeiro;@wagner.pereira46
@beatriz.santos;@enzo.pereira
@samuel.souza;@caio.freitas
@theo.moraes87;@matheus.rocha
@rafael.silva;@felipe.barbosa41
@gael.ribeiro;@xenia.pinto
@wagner.freitas;@alice.freitas4
@helena.rocha;@fabio.santos
@samuel.almeida;@felipe.oliveira
@ana.santos;@leonardo.dias
@tiago.pereira;@nicolas.barbosa
@enzo.rocha;@wagner.pereira
@debora.ramos;@sofia.costa
@eva.silva;@isabela.ramos
@wagner.martins;@matheus.rocha
@caio.barbosa;@leonardo.ramos
@laura.martins;@enzo.pereira
@carla.pereira;@rafael.dias
@enzo.pinto;@zeca.ribeiro
@nicolas.barbosa;@lorena.rocha
@heitor.ramos92;@bruno.almeida
@rafael.pinto;@carla.pinto
@enzo.santos;@manuela.ribeiro
@joao.gomes;@manuela.almeida
@joao.silva;@zeca.ribeiro
@julia.moraes;@davi
@eva;@mariana.martins
@nicolas.freitas;@theo.moraes15
@carla.pereira;@davi
@julia.oliveira;@davi
@miguel.pinto54;@davi
@gustavo.pinto;@helena.freitas
@wagner.freitas;@zeca.barbosa
@carla.martins;@ana.costa
@xenia.dias;@julia.rocha
@carla.pereira;@theo.martins
@matheus.santos;@eva
@isabela.freitas46;@theo.martins
@theo.moraes15;@alice.freitas4
@arthur.barbosa;@bernardo.silva
@olivia.ramos;@valentina.souza
@matheus.ramos;@laura.cardoso62
@matheus.santos;@isabela.cardoso12
@livia.gomes;@eva.silva
@beatriz.gomes;@davi.dias
@enzo.pereira;@nicolas.martins
@joao.cardoso;@xenia.pinto
@theo.moraes15;@ana.costa59
@carla.pinto7;@theo.moraes15
@livia.gomes;@manuela.ribeiro
@bernardo.martins;@sofia.santos39
@gabi.pinto;@beatriz.almeida
@fabio.martins;@pedro.silva
@lucas.pinto;@theo.ribeiro
@davi.freitas;@valentina.silva
@samuel.rocha;@gustavo.silva
@joao.cardoso67;@gabi
@wagner.pereira46;@leonardo.dias
@mariana.barbosa;@carla.oliveira
@bruno.barbosa;@nicolas.gomes
@theo.cardoso;@sofia.costa
@carla.oliveira;@samuel.santos
@heitor.ramos92;@miguel.pinto54
@beatriz.santos;@olivia.santos
@davi.santos;@eva.silva
@gael.ribeiro;@mariana.almeida
@julia.moraes60;@manuela.gomes
@valentina.cardoso;@karina.santos
@julia.barbosa;@heitor.moraes
@debora.dias;@joao.freitas
@gustavo.silva;@mariana.pereira81
@isabela.cardoso12;@eva.silva
@laura.pinto;@alice.ribeiro
@enzo.pereira;@zeca.ribeiro
@mariana.almeida;@manuela.ribeiro
@fabio.martins;@helena.silva
@debora.dias;@theo.ribeiro
@mariana.gomes;@carla.pinto7
@leonardo.dias;@xenia.teixeira
@isabela.freitas46;@laura.oliveira
@ana.teixeira;@pedro.barbosa
@nicolas.ramos;@theo.ribeiro
@matheus.dias;@eva.silva
@livia.gomes;@wagner.martins
@fabio.martins;@livia.teixeira
@pedro.silva;@tiago.santos
@tiago.silva;@quesia.teixeira64
@sofia.teixeira;@tiago.silva
@helena.rocha;@pedro.barbosa
@bernardo.dias;@miguel.costa
@tiago.freitas;@laura.oliveira
@beatriz.almeida;@mariana.pereira81
@quesia.teixeira64;@gustavo.almeida
@ana.costa59;@samuel.almeida
@eva;@helena.lima
@enzo.pinto;@olivia.costa
@leonardo.ramos;@matheus.santos
@theo.martins;@arthur.teixeira
@sofia.teixeira23;@bruno
@gustavo.pinto;@quesia.ribeiro
@theo.ribeiro;@carla.pereira
@bruno.barbosa;@yasmin.almeida
@nicolas.martins;@sofia.teixeira23
@tiago.pereira;@samuel.santos
@manuela.ribeiro;@valentina.silva
@julia.barbosa;@davi
@laura.pereira;@manuela.gomes
@manuela.silva;@mariana.pereira81
@pedro.barbosa;@mariana.pinto
@beatriz.souza;@manuela.gomes
@davi.freitas;@julia.freitas
@wagner.freitas;@davi.santos
@sofia.santos39;@wagner.souza
@matheus.dias;@davi
@ana.santos;@bernardo.dias
@julia.moraes60;@eva.silva
@davi;@joao.freitas
@matheus.santos;@valentina.silva
@gustavo.oliveira;@ana.costa
@heitor.moraes;@sofia.rocha
@olivia.freitas;@joao.freitas
@zeca.ribeiro;@beatriz.pinto
@samuel.santos;@bernardo.dias
@alice.freitas4;@fabio.ramos
@enzo.rocha;@davi.silva
@lorena.moraes;@arthur.freitas
@olivia.freitas;@carla.freitas
@rafael.pinto;@quesia.ribeiro
@miguel.pinto;@davi
@isabela.cardoso12;@sofia.cardoso
@nicolas.barbosa;@davi
@samuel.santos;@mariana.gomes
@xenia.dias;@livia.gomes
@samuel.moraes92;@sofia.cardoso
@julia.oliveira;@xenia.teixeira
@mariana.pinto;@laura.cardoso
@miguel.pinto;@heitor.ramos
@helena.lima;@valentina.teixeira
@laura.ribeiro;@enzo.pinto
@miguel.pinto;@cecilia.dias
@cecilia.dias;@nicolas.barbosa
@beatriz.pinto;@manuela.silva
@davi.silva;@manuela.almeida
@joao.cardoso67;@sofia.cardoso
@sofia.costa;@davi
@eva.silva;@laura.ribeiro
@davi.silva;@manuela.ribeiro
@olivia.freitas;@ursula.cardoso
@xenia.pinto;@debora.rocha
@heitor.souza;@felipe.barbosa41
@mariana.gomes;@pedro.barbosa
@isabela.freitas46;@nicolas.barbosa
@sofia.cardoso;@beatriz.souza
@manuela.gomes;@beatriz.gomes
@helena.lima;@julia.rocha
@wagner.martins;@cecilia.moraes
@heitor.moraes;@ana.costa59
@theo.moraes15;@alice.freitas
@laura.pereira;@mariana.barbosa
@gustavo.costa;@quesia.ribeiro
@enzo.pinto;@julia.barbosa
@samuel.santos;@joao.freitas
@leonardo.dias30;@joao.cardoso
@miguel.pinto;@enzo.pinto
@theo.ribeiro;@joao.freitas
@mariana.pereira81;@valentina.silva
@debora.dias;@theo.moraes15
@livia.gomes;@mariana.pereira81
@davi.santos21;@theo.moraes15
@nicolas.barbosa;@arthur.freitas
@mariana.gomes;@nicolas.cardoso
@matheus.santos;@mariana.pinto
@xenia.dias;@beatriz.souza
@caio.barbosa;@theo.ribeiro
@felipe.barbosa41;@joao.cardoso67
@yasmin.almeida;@davi
@eva;@lorena.rocha
@manuela.ribeiro;@wagner.pereira46
@matheus.santos;@livia.gomes
@theo.cardoso;@heitor.freitas
@olivia.santos;@quesia.ribeiro
@gustavo.silva;@mariana.ribeiro
@lorena.moraes;@matheus.santos
@yasmin.almeida;@joao.martins
@matheus.rocha;@theo.moraes15
@arthur.freitas;@theo.moraes15
@nicolas.cardoso;@cecilia.dias
@tiago.pereira;@ana.santos
@eva.silva;@joao.gomes
@livia.gomes;@ursula.ribeiro
@rafael.pinto;@joao.gomes
@theo.moraes15;@heitor.moraes
@tiago.santos;@quesia.ribeiro
@livia.gomes;@samuel.santos
@nicolas.barbosa;@livia.gomes
@bernardo.martins;@olivia.ramos
@samuel.moraes;@nicolas.freitas
@cecilia.gomes;@heitor.moraes
@ursula.cardoso;@enzo.rocha
@beatriz.pereira4;@gustavo.oliveira
@lorena.rocha;@samuel.moraes
@cecilia.dias;@ana.costa
@rafael.pinto;@beatriz.pinto
@beatriz.pinto;@davi
@bruno.freitas;@ursula.freitas
@isabela.pereira;@ursula.cardoso
@theo.moraes15;@julia.moraes60
@beatriz.pereira4;@yasmin.ribeiro
@beatriz.pereira;@zeca.cardoso
@bruno;@cecilia.dias
@carla.pereira;@helena.lima
@theo.moraes15;@julia.barbosa
@quesia.teixeira64;@tiago.silva
@sofia.teixeira23;@felipe.silva
@beatriz.pereira4;@wagner.barbosa
@enzo.pinto;@yasmin.ribeiro
@bernardo.dias;@manuela.ribeiro
@miguel.moraes;@ursula.teixeira
@ursula.cardoso;@pedro.barbosa
@sofia.costa;@cecilia.dias
@arthur.cardoso;@zeca.cardoso
@manuela.almeida;@mariana.gomes
@fabio.martins;@quesia.teixeira
@beatriz.almeida;@theo.moraes15
@lucas.pinto;@cecilia.dias
@samuel.santos;@enzo.pinto
@mariana.barbosa;@rafael.dias
@samuel.moraes;@enzo.pereira
@enzo.pereira;@quesia.ribeiro
@enzo.pinto;@carla.pinto
@joao.silva;@nicolas.freitas
@quesia.teixeira64;@lorena.rocha
@bernardo.silva;@lorena.rocha
@laura.martins;@gustavo.pinto
@julia.rocha;@samuel.almeida
@fabio;@davi
@helena.rocha;@miguel.pinto54
@theo.moraes;@heitor.rocha
@pedro.barbosa;@carla.pinto
@miguel.pinto;@quesia.dias
@alice.ribeiro;@laura.pinto
@livia.costa;@enzo.rocha
@laura.silva;@ursula.cardoso
@quesia.teixeira64;@carla.oliveira
@beatriz.pereira4;@ursula.ribeiro
@bernardo.dias;@davi
@leonardo.dias30;@matheus.dias
@karina.santos;@cecilia.moraes
@ana.costa;@beatriz.pereira
@quesia.teixeira64;@zeca.cardoso
@helena.lima;@theo.moraes15
@rafael.silva;@davi
@davi.silva;@fabio.pinto
@valentina.souza;@lorena.rocha
@nicolas.cardoso;@theo.ribeiro
@alice.freitas4;@theo.freitas
@theo.ribeiro;@livia.gomes
@ursula.ramos;@alice.freitas
@matheus.dias;@davi.dias
@fabio.santos;@bernardo.martins
@manuela.rocha;@laura.pereira
@zeca.cardoso;@gabi.barbosa
@xenia.pinto;@ana.costa
@debora.cardoso94;@theo.moraes15
@julia.moraes60;@wagner.pereira
@fabio.santos;@davi.dias
@lorena.moraes;@wagner.martins
@olivia.santos;@ursula.cardoso
@laura.martins;@sofia.santos
@wagner.barbosa;@beatriz.pinto
@ursula.ramos;@arthur.santos
@helena.freitas;@gustavo.pinto
@rafael.pinto17;@beatriz.almeida
@pedro.barbosa;@arthur.teixeira
@samuel.santos;@ana.santos
@debora.cardoso94;@matheus.santos
@davi.dias;@heitor.freitas
@tiago.freitas;@wagner.freitas
@laura.silva;@lorena.rocha
@karina.santos;@caio.freitas
@theo.moraes15;@helena.gomes
@gabi.ribeiro;@fabio.martins
@yasmin.costa;@vitor.lima
@carla.martins;@ursula.cardoso
@joao.martins;@eva.ribeiro
@zeca.ribeiro;@yasmin.almeida
@fabio.martins;@bernardo.martins
@nicolas.gomes;@laura.ribeiro
@gabi.ribeiro;@davi
@laura.ribeiro41;@tiago.santos
@bernardo.martins;@davi
@sofia.santos39;@davi.silva
@nicolas.gomes;@quesia.ribeiro
@joao.moraes;@theo.ribeiro
@rafael.pinto62;@davi
@gustavo.oliveira;@luisa.ramos
@matheus.dias;@olivia.costa
@samuel.santos;@nicolas.barbosa
@miguel.freitas;@zeca.cardoso
@leonardo.dias30;@helena.lima
@caio.freitas;@enzo.rocha
@laura.martins;@mariana.pinto
@heitor.ramos92;@eva.silva
@ursula.teixeira;@debora.cardoso94
@miguel.pinto54;@eva.silva
@joao.freitas;@felipe.oliveira
@beatriz.santos;@fabio.santos
@fabio.santos;@rafael.pinto
@yasmin.almeida;@isabela.freitas46
@wagner.souza;@gustavo.almeida
@beatriz.pereira4;@nicolas.martins
@samuel.santos;@pedro.barbosa
@cecilia.dias;@livia.gomes
@ana;@pedro.barbosa
@mariana.pinto;@miguel.costa
@samuel.souza;@samuel.moraes
@bruno.freitas;@felipe.barbosa41
@beatriz.pinto;@karina.santos
@tiago.silva;@laura.silva
@theo.moraes15;@xenia.pinto
@davi.silva;@samuel.santos
@theo.martins5;@theo.ribeiro
@gabi;@quesia.ribeiro
@rafael.pinto;@lorena.rocha
@samuel.santos;@zeca.cardoso
@theo.cardoso;@enzo.rocha
@julia.rocha;@xenia.dias
@davi;@leonardo.ramos
@debora.cardoso94;@quesia.ribeiro
@lucas.barbosa;@arthur.freitas
@rafael.dias;@heitor.rocha
@yasmin.ribeiro;@matheus.rocha
@lorena.rocha;@nicolas.ramos
@gabi;@pedro.barbosa
@davi;@gael.ribeiro
@beatriz.gomes;@matheus.dias
@joao.teixeira;@nicolas.barbosa
@joao.martins;@ana.costa
@cecilia.gomes;@isabela.pereira
@carla.pinto;@theo.freitas
@tiago.silva;@lorena.moraes
@arthur.santos;@mariana.barbosa
@arthur.barbosa;@matheus.santos65
@davi;@isabela.cardoso12
@joao.martins;@livia.teixeira
@beatriz.pereira4;@enzo.pinto
@rafael.silva;@enzo.rocha
@carla.oliveira;@eva
@debora.cardoso94;@ana.costa
@debora.dias;@alice.freitas4
@laura.silva;@carla.oliveira
@beatriz.pereira;@miguel.costa
@alice.freitas4;@julia.moraes60
@ursula.freitas;@heitor.rocha
@samuel.moraes;@ana.santos
@bernardo.dias13;@ana
@manuela.gomes;@isabela.freitas
@theo.moraes15;@samuel.santos
@cecilia.gomes;@davi
@helena.lima;@gabi.pinto
@leonardo.dias30;@isabela.cardoso12
@theo.ribeiro;@joao.cardoso
@laura.ribeiro;@sofia.teixeira
@matheus.santos;@ana.costa
@joao.cardoso;@lorena.moraes
@rafael.pinto62;@manuela.almeida
@zeca.barbosa;@davi.santos
@joao.gomes;@fabio.martins
@olivia.freitas;@mariana.barbosa
@wagner.freitas;@fabio.almeida
@matheus.dias;@ursula.ribeiro
@gabi;@samuel.almeida
@bruno;@sofia.teixeira23
@carla.freitas;@ana.costa
@ursula.cardoso;@helena.rocha
@fabio.santos;@enzo.pereira
@beatriz.pinto;@bruno.freitas
@bernardo.martins;@joao.teixeira
@zeca.ribeiro;@ursula.teixeira
@theo.moraes87;@theo.martins5
@quesia.teixeira64;@gabi.barbosa
@mariana.pinto;@manuela.silva
@bernardo.dias;@cecilia.moraes
@carla.pereira;@beatriz.pereira
@isabela.cardoso;@debora.ramos
@fabio.martins;@laura.ribeiro
@joao.cardoso67;@quesia.ribeiro
@joao.freitas;@fabio.martins
@olivia.freitas;@matheus.santos
@ana.teixeira;@zeca.ribeiro
@beatriz.pereira4;@mariana.pereira81
@davi.dias;@ana.ramos
@matheus.rocha;@samuel.souza
@debora.rocha;@theo.ribeiro
@yasmin.almeida;@tiago.freitas
@gael.ribeiro;@mariana.pinto
@xenia.dias;@fabio.almeida
@debora.rocha;@enzo.rocha
@beatriz.pinto;@caio.barbosa
@davi.dias;@bruno.silva
@gabi;@carla
@nicolas.barbosa;@tiago.pereira
@joao.freitas;@beatriz.gomes
@davi.dias;@laura.cardoso62
@livia.teixeira;@davi
@carla.pinto7;@valentina.souza
@livia.teixeira;@matheus.santos
@arthur.freitas;@ana.santos
@cecilia.moraes;@beatriz.almeida
@valentina.teixeira;@quesia.ribeiro
@nicolas.gomes;@carla.oliveira
@debora.rocha;@beatriz.gomes
@helena.gomes;@davi
@lucas.pinto;@theo.moraes15
@samuel.santos;@julia.freitas
@livia.gomes;@theo.ribeiro
@helena.lima;@felipe.silva
@mariana.ribeiro;@miguel.costa
@tiago.santos;@fabio.martins
@enzo.pereira;@nicolas.gomes
@julia.oliveira;@eva.silva
@quesia.ribeiro;@joao.martins
@enzo.santos;@matheus.santos65
@rafael.dias;@eva.silva
@arthur.barbosa;@debora.cardoso94
@fabio.martins;@heitor.ramos92
@rafael.pinto;@pedro.barbosa
@samuel.dias;@pedro.barbosa
@samuel.almeida;@gabi
@bruno;@pedro.barbosa
@laura.pinto;@quesia.ribeiro
@quesia.teixeira64;@lucas.pinto
@helena.rocha;@bernardo.dias
@nicolas.gomes;@enzo.rocha
@lucas.barbosa;@eva.silva
@arthur.teixeira;@felipe.oliveira
@gustavo.pinto;@manuela.lima
@samuel.moraes92;@manuela.silva
@arthur.freitas;@julia.oliveira
@matheus.rocha;@theo.ribeiro
@davi.freitas;@rafael.silva
@julia.moraes;@valentina.teixeira
@quesia.ribeiro;@debora.cardoso
@ursula.freitas;@alice.moraes
@cecilia.dias;@quesia.ribeiro
@olivia.costa;@ana
@bruno.silva;@theo.moraes15
@joao.teixeira;@carla.freitas
@eva.silva;@samuel.pinto
@mariana.martins;@eva
@sofia.cardoso;@quesia.ribeiro
@nicolas.ramos;@leonardo.dias30
@quesia.ribeiro;@heitor.moraes
@valentina.silva;@felipe.oliveira
@fabio.santos;@beatriz.souza
@quesia.teixeira64;@theo.ribeiro
@debora.dias;@lorena.moraes
@julia.rocha;@ana.costa
@tiago.freitas;@livia.freitas
@yasmin.costa;@mariana.pinto
@zeca.ribeiro;@felipe.barbosa
@theo.ribeiro;@livia.freitas
@felipe.silva;@enzo.pinto
@olivia.ramos;@miguel.costa
@cecilia.dias;@ana.santos
@enzo.pereira;@zeca.cardoso
@karina.santos;@helena.lima
@sofia.costa;@theo.ribeiro
@laura.oliveira;@quesia.ribeiro
@zeca.cardoso;@pedro.barbosa
@samuel.santos;@theo.cardoso
@theo.moraes15;@theo.ribeiro
@sofia.santos;@theo.moraes15
@matheus.santos65;@zeca.cardoso
@lorena.moraes;@beatriz.gomes
@enzo.pinto;@laura.martins
@helena.lima;@rafael.pinto
@samuel.almeida;@isabela.cardoso
@beatriz.almeida;@ursula.cardoso
@heitor.rocha;@davi
@samuel.rocha;@sofia.rocha
@pedro.silva;@fabio.martins
@laura.pereira;@livia.teixeira
@livia.freitas;@heitor.ramos92
@wagner.freitas;@isabela.cardoso
@bruno.barbosa;@gustavo.pinto
@helena.lima;@beatriz.pereira4
@miguel.costa;@rafael.pinto17
@eva.ribeiro;@pedro.barbosa
@eva.ribeiro;@theo.moraes15
@sofia.santos;@enzo.pinto
@theo.moraes;@alice.moraes
@rafael.pinto62;@mariana.pereira81
@pedro.silva;@enzo.pinto
@nicolas.martins;@davi
@olivia.costa;@theo.freitas
@davi.dias;@lucas.pinto
@laura.oliveira;@helena.lima
@manuela.ribeiro;@arthur.santos
@nicolas.cardoso;@mariana.pereira81
@helena.rocha;@yasmin.martins
@wagner.freitas;@joao.martins
@wagner.martins;@carla
@beatriz.almeida;@davi
@olivia.santos;@rafael.dias
@felipe.silva;@fabio.ramos
@sofia.santos39;@theo.ribeiro
@valentina.silva;@manuela.ribeiro
@eva;@gabi.pinto
@alice.ribeiro;@davi
@laura.ribeiro41;@lorena.rocha
@helena.freitas;@mariana.barbosa
@gustavo.silva;@theo.moraes15
@helena.rocha;@mariana.pinto
@luisa.almeida;@theo.ribeiro
@gabi.barbosa;@miguel.costa
@livia.gomes;@fabio.ramos
@wagner.pereira46;@davi
@wagner.martins;@mariana.almeida
@debora.ramos;@joao.gomes
@wagner.freitas;@pedro.barbosa
@julia.moraes;@debora.ramos
@miguel.pinto;@yasmin.costa
@eva.ribeiro;@theo.ribeiro
@zeca.barbosa;@sofia.teixeira23
@wagner.freitas;@yasmin.costa
@theo.martins;@arthur.ramos
@quesia.teixeira;@ursula.cardoso
@beatriz.pinto;@quesia.dias
@rafael.dias;@yasmin.almeida
@samuel.santos;@felipe.oliveira
@valentina.silva;@quesia.teixeira
@theo.ribeiro;@samuel.moraes
@gustavo.oliveira;@wagner.pereira
@pedro.barbosa;@olivia.ramos
@gabi.pinto;@ana.costa59
@laura.pereira;@eva.silva
@heitor.souza;@olivia.costa
@helena.rocha;@gustavo.oliveira
@pedro.silva;@mariana.barbosa
@gabi.pinto;@mariana.martins
@felipe.silva;@gabi.pinto
@quesia.rocha;@sofia.santos39
@rafael.dias;@mariana.pereira
@alice.freitas;@quesia.ribeiro
@arthur.santos;@quesia.ribeiro
@davi.dias;@theo.moraes15
@bernardo.dias;@wagner.freitas
@isabela.freitas46;@heitor.rocha
@carla.pereira;@julia.moraes
@carla.pinto;@carla.pereira
@miguel.costa;@joao.silva
@carla.pinto;@zeca.cardoso
@pedro.silva;@debora.cardoso94
@rafael.pinto17;@laura.martins
@lorena.rocha;@pedro.barbosa
@enzo.pereira;@joao.martins
@livia.teixeira;@theo.moraes15
@cecilia.dias;@theo.moraes15
@bernardo.dias13;@livia.costa
@gustavo.silva;@eva.silva
@gustavo.silva;@joao.cardoso67
@manuela.gomes;@matheus.santos
@manuela.lima;@ana.santos
@julia.oliveira;@gustavo.costa
@laura.ribeiro;@fabio.santos
@gustavo.costa;@davi
@manuela.almeida;@manuela.silva
@joao.gomes;@mariana.almeida
@julia.moraes;@felipe.oliveira
@gustavo.silva;@beatriz.pereira
@ursula.cardoso;@samuel.moraes92
@arthur.teixeira;@alice.moraes
@isabela.ramos;@theo.moraes15
@davi.freitas;@theo.ribeiro
@miguel.freitas;@miguel.pinto
@wagner.freitas;@manuela.ribeiro
@felipe.barbosa;@davi
@joao.cardoso;@felipe.barbosa41
@manuela.almeida;@wagner.pereira46
@rafael.pinto62;@lucas.pinto
@heitor.moraes;@davi
@theo.martins;@luisa.almeida
@matheus.santos;@cecilia.dias
@laura.pinto;@ana.santos
@yasmin.costa;@miguel.costa
@davi;@arthur.freitas
@matheus.santos;@mariana.barbosa
@felipe.barbosa41;@laura.ribeiro
@manuela.ribeiro;@helena.rocha
@cecilia.moraes;@davi.santos
@lorena.rocha;@lucas.barbosa
@wagner.pereira46;@tiago.santos
@wagner.barbosa;@debora.cardoso
@joao.moraes;@pedro.barbosa
@carla.pinto7;@bernardo.dias
@bernardo.dias;@eva.silva
@matheus.dias;@laura.ribeiro
@pedro.silva;@ana.teixeira
@yasmin.ribeiro;@debora.ramos
@valentina.rocha;@ana.santos
@lucas.barbosa;@sofia.teixeira
@isabela.cardoso;@davi
@xenia.teixeira;@livia.freitas
@lorena.moraes;@theo.ribeiro
@lorena.moraes;@bernardo.silva
@bruno.freitas;@valentina.cardoso
@alice.moraes;@zeca.cardoso
@gustavo.almeida;@julia.moraes60
@joao.martins;@manuela.ribeiro
@ana;@xenia.teixeira
@lucas.barbosa;@enzo.pinto
@laura.cardoso;@mariana.pinto
@joao.gomes;@eva.silva
@julia.moraes60;@helena.lima
@leonardo.dias30;@gustavo.costa
@quesia.rocha;@samuel.souza
@theo.moraes15;@nicolas.gomes
@ana;@bruno
@enzo.rocha;@yasmin.ribeiro
@theo.moraes15;@isabela.cardoso12
@cecilia.moraes;@isabela.cardoso
@nicolas.martins;@julia.moraes60
@matheus.dias;@pedro.barbosa
@felipe.oliveira24;@eva.silva
@caio.freitas;@quesia.ribeiro
@fabio.almeida;@livia.teixeira
@carla.oliveira;@theo.moraes15
@samuel.souza;@pedro.barbosa
@theo.ribeiro;@isabela.ramos
@joao.cardoso67;@nicolas.cardoso
@bruno.freitas;@leonardo.dias
@bernardo.martins;@theo.moraes15
@ana.santos;@beatriz.pinto
@cecilia.gomes;@theo.moraes15
@cecilia.dias;@bruno.barbosa
@bruno;@davi
@gabi.barbosa;@gael.ribeiro13
@beatriz.souza;@lorena.rocha
@helena.rocha;@gabi
@alice.moraes;@isabela.freitas46
@sofia.teixeira23;@arthur.teixeira
@lucas.barbosa;@beatriz.gomes
@pedro.barbosa;@ana.teixeira
@carla.pinto;@ursula.teixeira
@gustavo.almeida;@samuel.pinto
@ana.costa59;@mariana.pereira
@enzo.rocha;@laura.ribeiro41
@leonardo.dias;@enzo.pereira
@theo.cardoso;@arthur.santos
@olivia.costa;@pedro.barbosa
@sofia.teixeira23;@eva.silva
@tiago.pereira;@joao.cardoso
@nicolas.barbosa;@miguel.moraes
@theo.cardoso;@samuel.moraes
@gustavo.oliveira;@olivia.freitas
@cecilia.moraes;@valentina.teixeira
@lorena.moraes;@samuel.almeida
@theo.moraes15;@beatriz.souza
@nicolas.gomes;@luisa.almeida
@isabela.cardoso;@mariana.pereira81
@carla.martins;@eva.silva
@joao.moraes;@enzo.rocha
@pedro.barbosa;@valentina.cardoso
@leonardo.ramos;@manuela.ribeiro
@pedro.silva;@bruno.barbosa
@helena.silva;@carla.oliveira
@theo.ribeiro;@tiago.pereira
@bernardo.dias;@helena.lima
@livia.teixeira;@arthur.cardoso
@beatriz.gomes;@beatriz.almeida
@isabela.pereira;@matheus.santos
@caio.freitas;@laura.pinto
@zeca.ribeiro;@lorena.rocha
@theo.martins5;@davi.silva
@sofia.cardoso;@samuel.pinto
@alice.moraes;@helena.rocha
@theo.martins;@helena.lima
@eva.ribeiro;@manuela.gomes
@davi.dias;@pedro.barbosa
@sofia.santos39;@sofia.costa
@helena.lima;@ursula.teixeira
@theo.martins5;@eva.silva
@beatriz.santos;@miguel.costa
@valentina.silva;@carla.freitas
@laura.cardoso62;@matheus.santos
@olivia.santos;@fabio.ramos
@laura.ribeiro41;@matheus.santos
@davi.dias;@beatriz.gomes
@debora.ramos;@zeca.barbosa
@wagner.martins;@ursula.freitas
@wagner.freitas;@wagner.barbosa
@fabio.martins;@arthur.santos
@quesia.teixeira64;@quesia.ribeiro
@mariana.barbosa;@quesia.ribeiro
@ana.costa59;@laura.ribeiro
@beatriz.almeida;@arthur.barbosa
@enzo.pinto;@laura.ribeiro
@yasmin.almeida;@theo.moraes15
@enzo.pereira;@bruno
@enzo.pinto;@nicolas.freitas
@zeca.ribeiro;@enzo.pereira
@bernardo.dias;@joao.freitas
@helena.lima;@julia.oliveira
@gael.ribeiro;@manuela.ribeiro
@matheus.rocha;@livia.gomes
@miguel.costa;@carla.freitas
@beatriz.gomes;@tiago.santos
@yasmin.almeida;@alice.moraes
@gustavo.almeida;@theo.ribeiro
@debora.cardoso;@leonardo.dias30
@sofia.santos39;@samuel.souza
@pedro.barbosa;@lorena.rocha
@joao.teixeira;@rafael.dias
@laura.pinto;@rafael.dias
@joao.silva;@mariana.pereira81
@joao.teixeira;@pedro.barbosa
@valentina.silva;@mariana.almeida
@sofia.rocha;@manuela.almeida
@manuela.lima;@laura.ribeiro
@pedro.silva;@theo.ribeiro
@livia.teixeira;@alice.freitas
@theo.martins5;@beatriz.almeida
@bernardo.silva;@joao.freitas
@manuela.silva;@tiago.pereira
@mariana.barbosa;@mariana.pereira81
@ursula.ribeiro;@olivia.costa
@cecilia.dias;@leonardo.dias
@laura.oliveira;@bernardo.dias
@gustavo.pinto;@eva.silva
@heitor.moraes;@ana.santos
@debora.dias;@laura.silva
@gael.ribeiro;@gabi.barbosa
@zeca.cardoso;@nicolas.gomes
@xenia.teixeira;@alice.moraes
@eva.silva;@julia.rocha
@beatriz.santos;@quesia.teixeira
@davi.santos;@carla
@arthur.santos;@sofia.cardoso
@davi;@davi.freitas
@mariana.pinto;@wagner.freitas
@leonardo.ramos;@quesia.ribeiro
@livia.gomes;@samuel.moraes
@miguel.freitas;@leonardo.ramos
@rafael.pinto;@manuela.ribeiro
@sofia.cardoso;@eva
@sofia.teixeira23;@livia.teixeira
@isabela.freitas;@beatriz.gomes
@enzo.pinto;@gustavo.silva
@bernardo.dias;@cecilia.dias
@julia.moraes60;@bernardo.martins
@beatriz.santos;@enzo.pinto
@fabio.santos;@quesia.ribeiro
@joao.teixeira;@eva.ribeiro
@gabi.barbosa;@julia.barbosa
@miguel.costa;@joao.moraes
@pedro.barbosa;@livia.gomes
@beatriz.pereira;@cecilia.dias
@quesia.teixeira64;@joao.teixeira
@felipe.oliveira;@nicolas.cardoso
@alice.freitas;@joao.teixeira
@miguel.freitas;@mariana.gomes
@bruno.silva;@davi
@davi;@samuel.rocha
@alice.moraes;@mariana.pereira81
@theo.moraes15;@laura.pinto
@xenia.dias;@fabio
@ursula.teixeira;@wagner.freitas
@zeca.ribeiro;@debora.rocha
@eva;@tiago.santos
@quesia.ribeiro;@nicolas.cardoso
@olivia.santos;@manuela.ribeiro
@mariana.barbosa;@joao.moraes
@enzo.pereira;@debora.dias
@bernardo.martins;@eva.silva
@lorena.pereira;@manuela.lima
@manuela.lima;@sofia.rocha21
@davi;@livia.teixeira
@theo.martins5;@felipe.oliveira
@arthur.cardoso;@quesia.rocha
@debora.cardoso94;@manuela.rocha
@heitor.moraes;@fabio.santos
@beatriz.pereira4;@isabela.cardoso
@mariana.pinto;@quesia.ribeiro
@helena.lima;@rafael.silva
@heitor.ramos;@bruno.barbosa
@miguel.costa;@theo.martins5
@rafael.pinto;@heitor.ramos
@gabi.pinto;@davi.freitas
@davi.silva;@joao.cardoso67
@laura.ribeiro41;@quesia.ribeiro
@nicolas.martins;@sofia.teixeira
@valentina.rocha;@theo.moraes15
@pedro.barbosa;@beatriz.pereira4
@zeca.barbosa;@theo.moraes
@eva;@davi
@arthur.freitas;@lucas.barbosa
@gustavo.oliveira;@arthur.freitas
@helena.freitas;@enzo.pinto
@samuel.rocha;@lorena.rocha
@tiago.santos;@fabio.pinto
@pedro.barbosa;@manuela.lima
@livia.gomes;@pedro.barbosa
@joao.moraes;@beatriz.souza
@laura.oliveira;@bernardo.martins
@arthur.teixeira;@ursula.freitas
@rafael.pinto;@theo.moraes15
@livia.freitas;@sofia.teixeira23
@isabela.cardoso12;@manuela.ribeiro
@yasmin.ribeiro;@theo.cardoso
@helena.silva;@theo.ribeiro
@mariana.pereira81;@gustavo.silva
@gustavo.almeida;@tiago.freitas
@laura.cardoso;@julia.moraes
@carla.pinto7;@davi
@olivia.costa;@yasmin.martins
@gabi.barbosa;@mariana.pereira81
@isabela.cardoso12;@rafael.pinto
@beatriz.pinto;@quesia.teixeira
@heitor.moraes;@cecilia.moraes
@theo.moraes15;@theo.moraes87
@davi.santos21;@eva.silva
@laura.ribeiro41;@samuel.santos
@enzo.pinto;@davi
@gael.ribeiro;@gabi
@tiago.pereira;@tiago.freitas
@samuel.santos;@debora.rocha
@cecilia.gomes;@quesia.ribeiro
@sofia.teixeira23;@tiago.freitas
@joao.cardoso;@leonardo.dias30
@caio.barbosa;@nicolas.martins
@mariana.pinto;@davi
@sofia.santos;@valentina.teixeira
@mariana.pereira;@theo.moraes15
@samuel.moraes92;@laura.pereira
@theo.ribeiro;@manuela.lima
@alice.ribeiro;@livia.gomes
@lorena.moraes;@manuela.ribeiro
@sofia.cardoso;@manuela.ribeiro
@gustavo.almeida;@livia.costa
@matheus.santos;@rafael.pinto62
@heitor.moraes;@beatriz.pinto
@livia.costa;@heitor.freitas
@eva.silva;@mariana.martins
@julia.barbosa;@bruno.silva
@theo.moraes15;@davi
@cecilia.gomes;@manuela.ribeiro
@mariana.pinto;@arthur.ramos
@julia.rocha;@heitor.moraes
@xenia.teixeira;@samuel.souza
@rafael.dias;@matheus.dias
@heitor.ramos;@debora.dias
@joao.teixeira;@bernardo.martins
@helena.rocha;@isabela.pereira
@enzo.rocha;@davi.santos21
@tiago.freitas;@pedro.barbosa
@nicolas.barbosa;@manuela.rocha
@beatriz.gomes;@heitor.souza
@julia.freitas;@pedro.silva
@eva.ribeiro;@helena.lima
@quesia.teixeira64;@davi
@enzo.pereira;@leonardo.dias
@joao.silva;@gustavo.almeida
@enzo.santos;@eva.silva
@davi;@laura.silva
@nicolas.freitas;@ana.costa59
@joao.gomes;@manuela.ribeiro
@mariana.almeida;@bernardo.dias
@beatriz.pinto;@eva.silva
@karina.santos;@wagner.pereira46
@zeca.ribeiro;@eva.silva
@valentina.silva;@miguel.pinto54
@bernardo.dias;@bruno.freitas
@bernardo.dias;@beatriz.pinto
@fabio.pinto;@fabio.ramos
@beatriz.pinto;@gabi.ribeiro
@xenia.teixeira;@laura.pereira
@manuela.ribeiro;@arthur.barbosa
@samuel.moraes;@joao.martins
@carla.oliveira;@joao.gomes
@mariana.barbosa;@heitor.souza
@theo.ribeiro;@valentina.souza
@tiago.pereira;@mariana.pereira81
@nicolas.martins;@enzo.pereira
@gustavo.oliveira;@quesia.ribeiro
@beatriz.pinto;@quesia.ribeiro
@quesia.dias;@felipe.barbosa41
@joao.martins;@quesia.ribeiro
@lucas.barbosa;@bruno.freitas
@davi;@bruno
@isabela.pereira;@joao.teixeira
@mariana.barbosa;@davi
@wagner.martins;@matheus.santos
@alice.moraes;@theo.moraes15
@matheus.santos;@leonardo.ramos
@mariana.ribeiro;@theo.moraes15
@alice.freitas4;@livia.gomes
@fabio.santos;@mariana.pereira81
@leonardo.ramos;@eva
@felipe.oliveira;@helena.lima
@helena.rocha;@davi
@isabela.ramos;@matheus.santos
@manuela.ribeiro;@wagner.souza
@miguel.freitas;@yasmin.costa
@miguel.pinto;@julia.moraes60
@laura.martins;@sofia.cardoso
@quesia.ribeiro;@matheus.santos
@joao.cardoso;@debora.rocha
@miguel.moraes;@helena.rocha
@vitor.lima;@fabio.pinto
@arthur.ramos;@ana.costa
@quesia.dias;@alice.freitas4
@laura.pinto;@carla.pinto
@sofia.costa;@olivia.ramos
@lucas.pinto;@quesia.teixeira64
@gustavo.oliveira;@eva.silva
@debora.dias;@heitor.ramos
@carla.pereira;@theo.moraes87
@theo.martins;@ana.santos
@matheus.rocha;@joao.cardoso67
@ana.costa;@pedro.barbosa
@sofia.rocha;@theo.ribeiro
@alice.freitas;@ursula.cardoso
@matheus.rocha;@felipe.oliveira
@gustavo.oliveira;@zeca.barbosa
@julia.freitas;@matheus.santos
@valentina.teixeira;@theo.ribeiro
@davi.silva;@livia.teixeira
@mariana.pereira81;@laura.ribeiro41
@livia.freitas;@samuel.rocha
@yasmin.martins;@ursula.cardoso
@olivia.freitas;@olivia.costa
@arthur.santos;@zeca.cardoso
@olivia.freitas;@beatriz.pinto
@samuel.rocha;@theo.moraes15
@bernardo.dias13;@samuel.almeida
@mariana.pereira;@livia.costa
@theo.moraes87;@fabio.ramos
@olivia.freitas;@theo.ribeiro
@lorena.rocha;@gabi.barbosa
@valentina.silva;@julia.rocha
@eva.silva;@manuela.silva
@karina.santos;@helena.freitas
@quesia.dias;@helena.lima
@joao.cardoso;@davi
@theo.moraes;@theo.moraes15
@fabio;@arthur.teixeira
@miguel.freitas;@isabela.freitas46
@mariana.pereira81;@bernardo.martins
@enzo.pinto;@laura.pinto
@arthur.freitas;@davi
@beatriz.pereira;@yasmin.ribeiro
@felipe.silva;@gustavo.almeida
@davi.silva;@theo.martins5
@rafael.silva;@theo.ribeiro
@bruno;@debora.cardoso94
@laura.pinto;@tiago.silva
@arthur.ramos;@theo.martins
@manuela.silva;@eva.silva
@arthur.teixeira;@joao.cardoso67
@wagner.pereira;@olivia.ramos
@quesia.teixeira64;@laura.pinto
@helena.freitas;@karina.santos
@valentina.teixeira;@xenia.teixeira
@carla.pinto7;@beatriz.pinto
@samuel.souza;@enzo.santos
@enzo.pereira;@nicolas.cardoso
@arthur.cardoso;@yasmin.ribeiro
@enzo.rocha;@theo.martins
@samuel.pinto;@theo.martins
@theo.freitas;@davi
@ana.santos;@lucas.pinto
@yasmin.martins;@nicolas.barbosa
@nicolas.cardoso;@davi.santos
@yasmin.almeida;@beatriz.souza
@davi;@mariana.gomes
@samuel.moraes;@quesia.ribeiro
@rafael.dias;@lorena.moraes
@fabio.almeida;@mariana.martins
@matheus.santos;@theo.ribeiro
@xenia.pinto;@enzo.pinto
@sofia.costa;@gustavo.oliveira
@sofia.teixeira;@beatriz.pereira4
@wagner.freitas;@beatriz.souza
@theo.ribeiro;@yasmin.ribeiro
@fabio.almeida;@julia.freitas
@sofia.santos;@laura.oliveira
@ursula.ramos;@caio.freitas
@davi.santos21;@pedro.barbosa
@zeca.barbosa;@livia.teixeira
@quesia.ribeiro;@olivia.ramos
@helena.rocha;@helena.lima
@matheus.santos65;@quesia.ribeiro
@manuela.lima;@quesia.ribeiro
@miguel.costa;@olivia.freitas
@gabi;@debora.cardoso94
@manuela.silva;@wagner.pereira
@valentina.teixeira;@helena.lima
@zeca.cardoso;@theo.cardoso
@samuel.rocha;@carla.pinto
@theo.cardoso;@joao.cardoso
@bruno;@carla
@arthur.teixeira;@davi.freitas
@matheus.santos65;@matheus.rocha
@wagner.souza;@mariana.pereira81
@helena.silva;@enzo.pinto
@fabio.pinto;@carla.pereira
@theo.ribeiro;@livia.teixeira
@debora.ramos;@theo.moraes15
@felipe.silva;@mariana.martins
@isabela.freitas46;@bernardo.martins
@xenia.pinto;@cecilia.dias
@alice.freitas4;@nicolas.martins
@bernardo.martins;@fabio.santos
@eva.silva;@theo.moraes15
@gustavo.pinto;@beatriz.santos
@livia.teixeira;@debora.rocha
@joao.cardoso;@ana.santos
@theo.ribeiro;@nicolas.ramos
@samuel.almeida;@yasmin.martins
@leonardo.dias30;@eva.silva
@bruno.barbosa;@theo.moraes15
@sofia.cardoso;@theo.ribeiro
@julia.moraes;@rafael.dias
@eva.silva;@laura.martins
@isabela.freitas46;@manuela.ribeiro
@karina.santos;@beatriz.pinto
@gustavo.almeida;@quesia.ribeiro
@sofia.cardoso;@sofia.santos
@ana.costa59;@olivia.santos
@leonardo.ramos;@arthur.barbosa
@quesia.ribeiro;@arthur.barbosa
@leonardo.dias;@cecilia.dias
@xenia.teixeira;@heitor.moraes
@matheus.rocha;@davi
@debora.ramos;@theo.ribeiro
@tiago.pereira;@ana.teixeira
@alice.freitas4;@lorena.rocha
@arthur.santos;@davi.dias
@miguel.pinto;@eva.silva
@tiago.silva;@eva.silva
@arthur.freitas;@quesia.dias
@ursula.cardoso;@tiago.pereira
@wagner.martins;@samuel.pinto
@theo.martins5;@gael.ribeiro
@heitor.moraes;@mariana.ribeiro
@ana;@carla.martins
@theo.moraes;@heitor.moraes
@felipe.oliveira24;@heitor.ramos92
@laura.oliveira;@theo.moraes15
@theo.martins;@quesia.ribeiro
@nicolas.cardoso;@davi
@manuela.silva;@enzo.rocha
@ana;@carla.pinto
@nicolas.ramos;@manuela.ribeiro
@rafael.silva;@tiago.santos
@sofia.rocha21;@matheus.santos65
@davi.santos21;@olivia.freitas
@isabela.pereira;@davi
@miguel.freitas;@wagner.pereira46
@arthur.cardoso;@julia.moraes60
@debora.cardoso94;@felipe.barbosa41
@ana.ramos;@fabio.almeida
@matheus.dias;@helena.gomes
@debora.cardoso94;@beatriz.almeida
@valentina.silva;@mariana.pereira81
@debora.cardoso94;@helena.rocha
@pedro.silva;@manuela.ribeiro
@rafael.dias;@beatriz.gomes
@lucas.pinto;@ursula.ramos
@julia.moraes;@quesia.ribeiro
@samuel.moraes;@mariana.barbosa
@gustavo.oliveira;@carla.oliveira
@heitor.souza;@fabio.santos
@heitor.ramos92;@joao.martins
@yasmin.almeida;@gustavo.almeida
@beatriz.pinto;@matheus.rocha
@nicolas.martins;@beatriz.pereira
@wagner.martins;@livia.gomes
@zeca.cardoso;@felipe.silva
@samuel.dias;@nicolas.martins
@davi;@bernardo.dias
@leonardo.dias30;@davi
@carla.pinto;@samuel.rocha
@bruno.barbosa;@pedro.barbosa
@zeca.cardoso;@theo.freitas
@pedro.barbosa;@bernardo.martins
@lucas.pinto;@leonardo.dias
@matheus.rocha;@samuel.rocha
@alice.freitas4;@samuel.moraes92
@eva.silva;@wagner.souza
@matheus.santos;@carla
@theo.moraes15;@joao.cardoso67
@tiago.silva;@sofia.santos39
@mariana.gomes;@laura.cardoso
@karina.santos;@quesia.ribeiro
@debora.cardoso94;@mariana.pinto
@heitor.rocha;@theo.ribeiro
@pedro.barbosa;@matheus.santos
@samuel.moraes92;@gustavo.oliveira
@davi;@beatriz.santos
@isabela.pereira;@samuel.santos
@felipe.oliveira;@olivia.ramos
@helena.lima;@isabela.cardoso
@davi.freitas;@theo.moraes15
@valentina.cardoso;@pedro.barbosa
@bruno.silva;@bernardo.martins
@cecilia.gomes;@mariana.ribeiro
@arthur.barbosa;@julia.barbosa
@bruno.silva;@julia.barbosa
@gustavo.oliveira;@samuel.almeida
@matheus.santos;@nicolas.barbosa
@bruno.freitas;@manuela.ribeiro
@laura.cardoso;@wagner.freitas
@theo.cardoso;@manuela.ribeiro
@yasmin.almeida;@laura.martins
@quesia.rocha;@theo.ribeiro
@tiago.pereira;@lorena.moraes
@laura.ribeiro;@sofia.rocha21
@zeca.cardoso;@fabio.martins
@heitor.ramos;@bruno
@laura.ribeiro;@bernardo.silva
@laura.cardoso62;@eva.silva
@laura.ribeiro;@mariana.almeida
@nicolas.cardoso;@manuela.ribeiro
@mariana.gomes;@carla.martins
@luisa.almeida;@joao.cardoso67
@davi;@cecilia.moraes
@matheus.santos65;@arthur.barbosa
@julia.moraes;@theo.moraes15
@miguel.freitas;@karina.santos
@samuel.moraes;@theo.cardoso
@eva.silva;@wagner.freitas
@manuela.almeida;@theo.ribeiro
@eva.silva;@carla.martins
@samuel.souza;@quesia.rocha
@caio.freitas;@felipe.oliveira24
@gabi.pinto;@sofia.costa
@ana;@fabio
@sofia.rocha;@mariana.pereira81
@wagner.souza;@eva.silva
@arthur.freitas;@heitor.freitas
@carla.pinto;@theo.ribeiro
@sofia.teixeira;@lucas.barbosa
@matheus.santos;@valentina.souza
@davi.santos21;@heitor.ramos
@pedro.barbosa;@arthur.freitas
@theo.ribeiro;@helena.lima
@manuela.ribeiro;@helena.silva
@alice.moraes;@wagner.barbosa
@fabio.almeida;@enzo.pinto
@carla.pereira;@miguel.moraes
@isabela.pereira;@carla
@julia.moraes60;@miguel.pinto
@cecilia.dias;@joao.cardoso67
@wagner.freitas;@eva.silva
@laura.silva;@julia.freitas
@leonardo.dias30;@lorena.rocha
@karina.santos;@laura.cardoso62
@arthur.teixeira;@davi
@julia.freitas;@felipe.barbosa41
@olivia.ramos;@quesia.ribeiro
@livia.teixeira;@zeca.barbosa
@ana.costa;@luisa.ramos
@pedro.barbosa;@samuel.almeida
@carla.oliveira;@laura.ribeiro
@laura.oliveira;@olivia.ramos
@pedro.barbosa;@gael.ribeiro
@arthur.barbosa;@cecilia.dias
@theo.ribeiro;@laura.martins
@isabela.freitas;@gabi
@samuel.santos;@lorena.rocha
@manuela.ribeiro;@laura.oliveira
@debora.cardoso94;@joao.gomes
@gabi;@laura.pinto
@fabio.santos;@pedro.barbosa
@matheus.santos;@mariana.pereira81
@livia.teixeira;@eva.silva
@samuel.rocha;@theo.ribeiro
@helena.rocha;@zeca.cardoso
@ana;@samuel.almeida
@bernardo.dias;@rafael.pinto62
@gustavo.pinto;@ana.santos
@zeca.barbosa;@zeca.cardoso
@lucas.pinto;@zeca.cardoso
@samuel.moraes;@rafael.dias
@quesia.ribeiro;@theo.freitas
@livia.teixeira;@quesia.ribeiro
@lucas.barbosa;@zeca.cardoso
@isabela.cardoso;@davi.santos21
@wagner.martins;@bruno
@ursula.cardoso;@miguel.freitas
@olivia.santos;@nicolas.ramos
@matheus.santos65;@matheus.dias
@sofia.costa;@mariana.gomes
@valentina.teixeira;@felipe.oliveira
@wagner.pereira;@enzo.santos
@samuel.moraes;@gustavo.oliveira
@fabio.ramos;@eva.silva
@eva.silva;@davi.dias
@mariana.ribeiro;@matheus.santos
@fabio.ramos;@sofia.cardoso
@joao.silva;@carla.pinto7
@ana.ramos;@carla.pinto
@livia.teixeira;@sofia.teixeira23
@mariana.pereira81;@arthur.santos
@julia.moraes60;@fabio.ramos
@theo.ribeiro;@olivia.ramos
@manuela.ribeiro;@julia.rocha
@sofia.costa;@debora.ramos
@pedro.barbosa;@livia.costa
@isabela.freitas46;@nicolas.ramos
@ana.teixeira;@wagner.souza
@theo.moraes;@wagner.pereira
@rafael.dias;@ursula.cardoso
@fabio.santos;@luisa.almeida
@nicolas.martins;@mariana.barbosa
@yasmin.ribeiro;@bernardo.dias
@felipe.barbosa41;@xenia.teixeira
@leonardo.ramos;@arthur.freitas
@arthur.freitas;@lorena.rocha
@joao.cardoso;@theo.freitas
@ursula.teixeira;@theo.cardoso
@pedro.silva;@carla.oliveira
@valentina.cardoso;@zeca.cardoso
@tiago.silva;@livia.gomes
@fabio.ramos;@julia.moraes60
@theo.moraes15;@manuela.gomes
@pedro.barbosa;@samuel.santos
@miguel.pinto;@zeca.barbosa
@pedro.barbosa;@gabi.ribeiro
@beatriz.santos;@quesia.ribeiro
@heitor.ramos92;@matheus.ramos
@theo.martins5;@arthur.barbosa
@gustavo.silva;@ana.santos
@arthur.barbosa;@quesia.ribeiro
@livia.gomes;@nicolas.cardoso
@theo.moraes15;@sofia.costa
@fabio.almeida;@ana.ramos
@bernardo.dias;@ana.santos
@miguel.costa;@mariana.gomes
@fabio.martins;@heitor.moraes
@joao.silva;@gabi.barbosa
@eva.ribeiro;@joao.martins
@lucas.barbosa;@quesia.ribeiro
@bernardo.martins;@joao.freitas
@davi.dias;@helena.lima
@laura.oliveira;@ursula.ribeiro
@zeca.cardoso;@samuel.santos
@joao.teixeira;@zeca.cardoso
@beatriz.santos;@eva.silva
@arthur.freitas;@theo.freitas
@sofia.santos;@davi
@lorena.pereira;@tiago.freitas
@felipe.oliveira;@pedro.barbosa
@sofia.santos;@joao.teixeira
@samuel.moraes92;@fabio.almeida
@theo.martins;@davi.freitas
@beatriz.gomes;@alice.freitas4
@samuel.moraes92;@theo.ribeiro
@davi.freitas;@mariana.pereira81
@felipe.barbosa41;@theo.ribeiro
@enzo.pinto;@gustavo.almeida
@ana.costa59;@quesia.dias
@matheus.dias;@quesia.ribeiro
@julia.freitas;@lorena.rocha
@beatriz.pereira;@manuela.ribeiro
@ana.santos;@laura.cardoso62
@ana.ramos;@quesia.ribeiro
@matheus.santos65;@fabio.ramos
@enzo.pinto;@rafael.dias
@theo.freitas;@nicolas.barbosa
@davi.silva;@eva.silva
@felipe.barbosa41;@wagner.pereira
@valentina.teixeira;@lucas.pinto
@xenia.pinto;@alice.freitas4
@nicolas.barbosa;@livia.costa
@fabio.ramos;@nicolas.cardoso
@bernardo.dias;@miguel.freitas
@zeca.ribeiro;@ursula.cardoso
@beatriz.pereira4;@felipe.oliveira
@eva;@felipe.barbosa41
@eva.silva;@davi.santos
@ursula.teixeira;@carla.freitas
@heitor.souza;@zeca.cardoso
@theo.ribeiro;@quesia.ribeiro
@alice.moraes;@davi.freitas
@matheus.dias;@carla.martins
@samuel.rocha;@bernardo.dias13
@matheus.santos65;@felipe.silva
@matheus.dias;@rafael.pinto
@beatriz.souza;@enzo.rocha
@sofia.cardoso;@joao.cardoso67
@helena.silva;@davi
@beatriz.santos;@theo.moraes15
@sofia.teixeira;@mariana.barbosa
@tiago.silva;@zeca.cardoso
@isabela.pereira;@miguel.pinto54
@cecilia.dias;@xenia.pinto
@theo.moraes;@tiago.silva
@lucas.pinto;@pedro.barbosa
@beatriz.pereira;@beatriz.pinto
@pedro.silva;@laura.pereira
@theo.moraes15;@karina.santos
@pedro.barbosa;@tiago.freitas
@lucas.barbosa;@bruno.barbosa
@theo.moraes;@lorena.rocha
@julia.barbosa;@pedro.barbosa
@laura.pinto;@theo.freitas
@davi.dias;@rafael.pinto17
@manuela.ribeiro;@samuel.dias
@zeca.ribeiro;@ana.teixeira
@fabio.santos;@enzo.rocha
@mariana.martins;@manuela.ribeiro
@quesia.dias;@davi
@heitor.ramos92;@joao.silva
@olivia.santos;@zeca.cardoso
@arthur.santos;@lorena.pereira
@ursula.cardoso;@quesia.dias
@julia.moraes;@gabi.barbosa
@bruno.freitas;@sofia.teixeira23
@matheus.dias;@manuela.almeida
@valentina.souza;@ursula.freitas
@laura.martins;@heitor.freitas
@arthur.cardoso;@joao.silva
@manuela.almeida;@enzo.pinto
@julia.oliveira;@quesia.ribeiro
@bernardo.dias;@xenia.dias
@tiago.freitas;@davi
@tiago.santos;@olivia.freitas
@tiago.freitas;@tiago.santos
@zeca.ribeiro;@arthur.cardoso
@gustavo.pinto;@theo.ribeiro
@olivia.ramos;@theo.moraes15
@nicolas.freitas;@joao.silva
@wagner.barbosa;@mariana.pereira81
@manuela.gomes;@sofia.rocha21
@leonardo.dias30;@samuel.rocha
@mariana.almeida;@davi.silva
@joao.gomes;@ursula.cardoso
@samuel.moraes;@lorena.rocha
@carla;@nicolas.ramos
@matheus.santos;@caio.freitas
@mariana.gomes;@rafael.pinto62
@ana.costa;@joao.silva
@joao.martins;@sofia.rocha21
@davi.dias;@beatriz.souza
@fabio.santos;@cecilia.dias
@mariana.martins;@wagner.pereira
@isabela.cardoso;@laura.ribeiro41
@wagner.pereira;@theo.ribeiro
@zeca.cardoso;@ana
@sofia.teixeira;@helena.silva
@miguel.pinto;@quesia.ribeiro
@julia.barbosa;@fabio.santos
@beatriz.souza;@mariana.ribeiro
@nicolas.barbosa;@samuel.souza
@theo.martins5;@davi
@nicolas.ramos;@quesia.ribeiro
@julia.moraes60;@julia.rocha
@felipe.silva;@ana.santos
@fabio.martins;@joao.cardoso67
@yasmin.martins;@manuela.ribeiro
@gustavo.almeida;@enzo.rocha
@carla.pereira;@joao.cardoso67
@cecilia.moraes;@eva.silva
@heitor.ramos92;@ursula.cardoso
@carla.oliveira;@nicolas.gomes
@lorena.pereira;@laura.martins
@tiago.silva;@matheus.santos65
@davi.santos21;@fabio.santos
@miguel.freitas;@theo.freitas
@helena.freitas;@ana
@manuela.ribeiro;@ursula.ramos
@matheus.santos;@carla.martins
@manuela.lima;@manuela.ribeiro
@miguel.freitas;@joao.martins
@samuel.pinto;@nicolas.gomes
@wagner.barbosa;@bruno.silva
@matheus.santos65;@enzo.santos
@laura.martins;@pedro.barbosa
@zeca.cardoso;@valentina.cardoso
@rafael.pinto17;@beatriz.gomes
@joao.martins;@theo.ribeiro
@manuela.gomes;@laura.pereira
@manuela.almeida;@wagner.freitas
@xenia.pinto;@gabi
@helena.gomes;@miguel.costa
@lorena.moraes;@rafael.dias
@samuel.moraes;@davi
@zeca.cardoso;@manuela.silva
@leonardo.ramos;@enzo.pinto
@gustavo.oliveira;@arthur.santos
@enzo.pinto;@debora.ramos
@tiago.silva;@bernardo.dias13
@debora.dias;@olivia.santos
@eva.ribeiro;@julia.rocha
@sofia.santos;@julia.moraes
@ursula.cardoso;@mariana.barbosa
@manuela.ribeiro;@theo.cardoso
@miguel.costa;@pedro.barbosa
@arthur.teixeira;@ana
@valentina.silva;@theo.moraes15
@nicolas.barbosa;@wagner.souza
@lorena.pereira;@eva.silva
@julia.barbosa;@livia.gomes
@bruno.freitas;@quesia.ribeiro
@isabela.freitas46;@julia.oliveira
@livia.costa;@mariana.barbosa
@sofia.cardoso;@theo.moraes15
@davi;@heitor.freitas
@beatriz.pinto;@ursula.freitas
@tiago.santos;@sofia.cardoso
@mariana.pereira81;@helena.silva
@beatriz.pinto;@theo.martins
@isabela.cardoso12;@pedro.barbosa
@pedro.silva;@carla.martins
@cecilia.dias;@lucas.pinto
@zeca.cardoso;@joao.teixeira
@joao.cardoso67;@laura.cardoso62
@cecilia.moraes;@enzo.rocha
@fabio.ramos;@matheus.santos
@nicolas.barbosa;@joao.teixeira
@lorena.pereira;@mariana.pereira81
@arthur.teixeira;@fabio.almeida
@ana.santos;@alice.ribeiro
@wagner.freitas;@rafael.pinto
@samuel.moraes;@matheus.dias
@laura.martins;@zeca.barbosa
@bruno.silva;@theo.ribeiro
@davi.freitas;@alice.moraes
@isabela.cardoso;@helena.lima
@valentina.silva;@miguel.costa
@theo.ribeiro;@ursula.freitas
@manuela.ribeiro;@debora.ramos
@enzo.pereira;@karina.santos
@helena.gomes;@ana
@helena.freitas;@theo.freitas
@rafael.dias;@bruno.freitas
@fabio.santos;@beatriz.pinto
@beatriz.souza;@davi.dias
@sofia.costa;@manuela.almeida
@karina.santos;@enzo.rocha
@caio.freitas;@quesia.rocha
@isabela.freitas46;@quesia.ribeiro
@debora.cardoso;@davi
@joao.cardoso;@quesia.teixeira64
@arthur.freitas;@joao.cardoso67
@enzo.pinto;@lucas.pinto
@wagner.freitas;@ana.santos
@carla.pinto;@olivia.freitas
@bernardo.dias;@beatriz.gomes
@debora.rocha;@alice.freitas4
@wagner.pereira;@theo.freitas
@julia.freitas;@caio.freitas
@miguel.pinto;@alice.freitas4
@samuel.souza;@nicolas.barbosa
@samuel.dias;@laura.martins
@julia.rocha;@samuel.souza
@valentina.silva;@davi
@gael.ribeiro;@ana.teixeira
@quesia.teixeira;@livia.gomes
@laura.martins;@fabio.martins
@joao.silva;@quesia.ribeiro
@nicolas.ramos;@laura.oliveira
@mariana.ribeiro;@laura.martins
@pedro.barbosa;@theo.cardoso
@alice.freitas4;@manuela.gomes
@tiago.freitas;@yasmin.almeida
@mariana.martins;@theo.ribeiro
@wagner.pereira;@sofia.rocha21
@wagner.freitas;@miguel.pinto54
@manuela.ribeiro;@mariana.pinto
@manuela.silva;@lorena.rocha
@livia.freitas;@enzo.pereira
@julia.moraes60;@rafael.dias
@xenia.teixeira;@zeca.ribeiro
@sofia.costa;@nicolas.barbosa
@karina.santos;@joao.martins
@tiago.silva;@beatriz.pinto
@enzo.pinto;@fabio.almeida
@felipe.silva;@mariana.almeida
@yasmin.martins;@samuel.almeida
@ana.costa59;@gabi.pinto
@enzo.pereira;@eva.silva
@arthur.barbosa;@helena.silva
@sofia.teixeira;@isabela.freitas
@fabio.almeida;@mariana.pereira
@carla.pinto7;@caio.freitas
@joao.teixeira;@matheus.rocha
@theo.ribeiro;@felipe.barbosa41
@ana;@joao.cardoso67
@bernardo.martins;@wagner.pereira46
@gabi.barbosa;@theo.moraes15
@bernardo.dias;@wagner.souza
@helena.freitas;@felipe.oliveira
@debora.rocha;@valentina.teixeira
@valentina.teixeira;@matheus.rocha
@gustavo.oliveira;@lorena.pereira
@samuel.souza;@theo.moraes15
@bruno.silva;@livia.costa
@heitor.ramos;@manuela.ribeiro
@felipe.silva;@samuel.dias
@carla.oliveira;@samuel.moraes
@quesia.ribeiro;@theo.moraes15
@samuel.rocha;@mariana.pereira81
@wagner.martins;@bernardo.silva
@sofia.teixeira;@theo.ribeiro
@leonardo.dias30;@manuela.gomes
@julia.rocha;@bernardo.silva
@quesia.ribeiro;@eva.silva
@mariana.almeida;@debora.cardoso
@nicolas.barbosa;@eva.ribeiro
@joao.martins;@eva.silva
@davi.freitas;@fabio.almeida
@beatriz.souza;@debora.cardoso94
@theo.moraes15;@manuela.lima
@valentina.silva;@quesia.rocha
@joao.freitas;@mariana.pereira81
@miguel.moraes;@ana.ramos
@gustavo.oliveira;@fabio.almeida
@fabio.santos;@theo.ribeiro
@beatriz.souza;@pedro.barbosa
@fabio.pinto;@davi
@miguel.moraes;@heitor.moraes
@olivia.ramos;@laura.oliveira
@isabela.cardoso;@carla.pinto
@fabio.martins;@theo.ribeiro
@olivia.costa;@davi
@lorena.pereira;@davi
@laura.silva;@samuel.santos
@fabio.pinto;@bruno.barbosa
@beatriz.souza;@samuel.pinto
@leonardo.dias30;@beatriz.almeida
@bruno.barbosa;@lucas.barbosa
@nicolas.barbosa;@laura.martins
@wagner.martins;@beatriz.almeida
@livia.gomes;@samuel.rocha
@isabela.pereira;@samuel.pinto
@gabi.pinto;@davi
@matheus.santos65;@laura.ribeiro
@xenia.pinto;@julia.moraes
@caio.freitas;@mariana.martins
@mariana.pereira;@fabio.almeida
@tiago.silva;@sofia.costa
@sofia.rocha;@lorena.rocha
@gabi.pinto;@eva
@beatriz.pereira;@isabela.cardoso
@lorena.rocha;@miguel.pinto
@xenia.pinto;@felipe.barbosa41
@heitor.ramos;@miguel.pinto
@davi;@matheus.ramos
@quesia.ribeiro;@alice.freitas
@pedro.barbosa;@laura.pereira
@joao.silva;@beatriz.pinto
@matheus.santos;@ana.santos
@debora.dias;@carla.oliveira
@quesia.ribeiro;@joao.teixeira
@theo.ribeiro;@theo.moraes
@enzo.pinto;@lorena.pereira
@davi;@felipe.silva
@heitor.moraes;@theo.martins
@sofia.rocha21;@quesia.ribeiro
@manuela.almeida;@bruno.barbosa
@alice.freitas4;@olivia.costa
@theo.moraes87;@carla.pinto
@helena.freitas;@theo.moraes15
@samuel.rocha;@zeca.cardoso
@gustavo.almeida;@bruno.freitas
@samuel.rocha;@heitor.moraes
@gabi.barbosa;@lorena.rocha
@tiago.silva;@gabi.barbosa
@carla.pinto;@pedro.barbosa
@samuel.rocha;@tiago.santos
@lorena.rocha;@zeca.ribeiro
@bruno.silva;@samuel.santos
@leonardo.ramos;@olivia.santos
@theo.moraes87;@tiago.silva
@olivia.costa;@yasmin.almeida
@valentina.teixeira;@gabi.barbosa
@alice.freitas;@davi
@laura.cardoso62;@enzo.pereira
@theo.ribeiro;@beatriz.pereira4
@joao.cardoso67;@mariana.pereira81
@enzo.pereira;@gael.ribeiro
@matheus.santos65;@theo.moraes15
@yasmin.ribeiro;@yasmin.martins
@carla.freitas;@joao.teixeira
@davi;@matheus.santos65
@fabio.almeida;@livia.costa
@julia.freitas;@mariana.pereira81
@luisa.almeida;@manuela.ribeiro
@arthur.freitas;@cecilia.gomes
@joao.cardoso;@quesia.rocha
@arthur.freitas;@theo.ribeiro
@lorena.rocha;@caio.barbosa
@livia.gomes;@livia.teixeira
@tiago.santos;@zeca.cardoso
@julia.moraes60;@xenia.teixeira
@joao.cardoso;@joao.gomes
@arthur.ramos;@beatriz.pereira4
@beatriz.santos;@beatriz.pinto
@mariana.barbosa;@davi.dias
@helena.lima;@wagner.pereira46
@laura.ribeiro;@mariana.pereira81
@zeca.cardoso;@theo.moraes15
@carla.pereira;@fabio.pinto
@mariana.pinto;@matheus.santos65
@wagner.pereira;@manuela.silva
@laura.oliveira;@theo.ribeiro
@zeca.ribeiro;@pedro.barbosa
@mariana.barbosa;@theo.ribeiro
@davi;@valentina.teixeira
@isabela.cardoso12;@enzo.pinto
@davi.silva;@pedro.barbosa
@wagner.freitas;@davi
@fabio.pinto;@tiago.santos
@valentina.souza;@carla.pinto7
@isabela.freitas46;@sofia.rocha
@bernardo.martins;@beatriz.pinto
@matheus.santos65;@ana.santos
@joao.cardoso67;@theo.moraes15
@rafael.pinto17;@rafael.pinto
@nicolas.ramos;@lorena.rocha
@rafael.dias;@mariana.pereira81
@quesia.ribeiro;@sofia.cardoso
@quesia.ribeiro;@debora.ramos
@theo.ribeiro;@samuel.souza
@eva.silva;@lorena.rocha
@beatriz.pereira;@enzo.pinto
@ursula.freitas;@helena.lima
@fabio.santos;@heitor.moraes
@felipe.silva;@enzo.santos
@ursula.cardoso;@joao.gomes
@arthur.santos;@livia.costa
@laura.ribeiro;@eva.silva
@eva.silva;@julia.barbosa
@laura.cardoso;@davi.dias
@ana.santos;@theo.moraes15
@sofia.teixeira23;@carla
@carla.pereira;@manuela.ribeiro
@theo.martins5;@pedro.barbosa
@rafael.dias;@joao.martins
@karina.santos;@bernardo.martins
@tiago.silva;@ana.santos
@mariana.ribeiro;@nicolas.cardoso
@ursula.freitas;@joao.freitas
@mariana.pereira;@davi
@leonardo.ramos;@sofia.teixeira23
@ursula.ribeiro;@zeca.cardoso
@zeca.cardoso;@laura.pereira
@arthur.barbosa;@tiago.silva
@helena.rocha;@livia.teixeira
@alice.freitas;@livia.gomes
@mariana.barbosa;@matheus.santos
@theo.moraes15;@theo.cardoso
@ana.costa59;@pedro.barbosa
@samuel.moraes;@enzo.pinto
@lorena.moraes;@livia.gomes
@debora.dias;@zeca.cardoso
@ana.ramos;@caio.freitas
@wagner.pereira;@arthur.barbosa
@felipe.silva;@livia.teixeira
@fabio.santos;@nicolas.gomes
@fabio.santos;@zeca.cardoso
@gael.ribeiro;@felipe.silva
@debora.cardoso;@manuela.ribeiro
@davi.dias;@miguel.moraes
@manuela.lima;@theo.moraes87
@matheus.dias;@theo.moraes15
@theo.moraes15;@leonardo.ramos
@leonardo.ramos;@joao.cardoso67
@isabela.cardoso12;@carla.freitas
@davi.silva;@tiago.freitas
@tiago.freitas;@quesia.ribeiro
@gustavo.pinto;@joao.freitas
@joao.gomes;@samuel.almeida
@beatriz.pereira;@matheus.santos
@gustavo.oliveira;@ursula.teixeira
@pedro.barbosa;@carla.pereira
@bruno.almeida;@debora.cardoso94
@alice.freitas4;@manuela.almeida
@alice.ribeiro;@helena.freitas
@theo.moraes15;@mariana.pereira81
@davi;@beatriz.almeida
@enzo.pinto;@tiago.santos
@zeca.barbosa;@eva.silva
@rafael.pinto17;@ana.santos
@helena.lima;@mariana.pereira81
@samuel.santos;@wagner.souza
@nicolas.gomes;@lorena.pereira
@ana.costa59;@quesia.ribeiro
@debora.dias;@arthur.santos
@joao.martins;@isabela.freitas46
@helena.rocha;@alice.freitas
@gustavo.oliveira;@felipe.barbosa41
@theo.moraes87;@manuela.ribeiro
@carla.pereira;@enzo.pereira
@caio.barbosa;@wagner.pereira46
@felipe.barbosa41;@theo.freitas
@miguel.freitas;@quesia.ribeiro
@alice.moraes;@bruno
@miguel.freitas;@julia.moraes
@gabi.barbosa;@tiago.pereira
@eva.silva;@joao.freitas
@ana.teixeira;@julia.rocha
@arthur.freitas;@lorena.moraes
@fabio.almeida;@matheus.santos
@theo.cardoso;@gabi.pinto
@theo.moraes15;@joao.gomes
@olivia.santos;@julia.oliveira
@ursula.freitas;@felipe.silva
@theo.freitas;@arthur.freitas
@joao.freitas;@mariana.pereira
@theo.martins;@carla.pereira
@nicolas.barbosa;@theo.martins
@carla.pinto;@fabio.pinto
@laura.ribeiro;@rafael.dias
@beatriz.pinto;@theo.moraes15
@mariana.pinto;@mariana.almeida
@lorena.rocha;@manuela.lima
@nicolas.gomes;@bruno.barbosa
@sofia.costa;@manuela.ribeiro
@julia.moraes;@enzo.rocha
@valentina.souza;@miguel.costa
@ana.costa;@debora.ramos
@isabela.cardoso;@mariana.gomes
@theo.moraes87;@mariana.almeida
@eva.silva;@valentina.teixeira
@manuela.almeida;@beatriz.pereira
@yasmin.almeida;@debora.ramos
@sofia.rocha21;@beatriz.pereira
@joao.cardoso;@bruno.barbosa
@wagner.freitas;@arthur.freitas
@felipe.silva;@ursula.freitas
@gabi.barbosa;@miguel.moraes
@tiago.silva;@ana.ramos
@yasmin.ribeiro;@laura.ribeiro41
@gabi;@ursula.freitas
@enzo.pinto;@ursula.cardoso
@carla.pinto;@julia.moraes60
@miguel.pinto54;@heitor.ramos92
@theo.freitas;@manuela.ribeiro
@leonardo.dias;@laura.pereira
@debora.rocha;@livia.costa
@sofia.teixeira23;@theo.ribeiro
@theo.ribeiro;@samuel.rocha
@lorena.pereira;@heitor.ramos
@fabio.almeida;@felipe.barbosa41
@joao.cardoso67;@caio.barbosa
@beatriz.pereira;@gustavo.silva
@helena.silva;@samuel.rocha
@fabio.pinto;@miguel.moraes
@samuel.almeida;@isabela.freitas
@valentina.souza;@theo.ribeiro
@sofia.teixeira23;@helena.gomes
@bernardo.silva;@gustavo.oliveira
@joao.silva;@julia.barbosa
@davi;@zeca.barbosa
@theo.moraes15;@ana
@sofia.costa;@debora.cardoso94
@matheus.santos;@rafael.pinto17
@sofia.cardoso;@yasmin.ribeiro
@theo.moraes;@samuel.santos
@sofia.rocha;@sofia.cardoso
@joao.moraes;@rafael.pinto17
@leonardo.dias30;@laura.cardoso62
@davi.silva;@joao.cardoso
@theo.ribeiro;@sofia.santos
@alice.freitas;@rafael.pinto17
@livia.gomes;@julia.barbosa
@carla.martins;@davi
@theo.ribeiro;@carla.pinto
@valentina.rocha;@julia.moraes60
@samuel.santos;@julia.moraes60
@manuela.ribeiro;@fabio.martins
@eva.silva;@davi.santos21
@quesia.teixeira;@sofia.rocha21
@cecilia.dias;@valentina.cardoso
@samuel.rocha;@enzo.pereira
@yasmin.martins;@olivia.costa
@quesia.rocha;@bruno.freitas
@wagner.souza;@olivia.freitas
@davi.santos21;@davi
@samuel.rocha;@laura.pinto
@manuela.ribeiro;@sofia.cardoso
@alice.freitas;@samuel.almeida
@laura.pinto;@alice.freitas4
@mariana.almeida;@sofia.cardoso
@lorena.rocha;@valentina.silva
@joao.cardoso;@mariana.almeida
@ursula.freitas;@beatriz.pinto
@livia.costa;@davi
@beatriz.santos;@zeca.cardoso
@isabela.pereira;@cecilia.gomes
@julia.moraes;@zeca.barbosa
@beatriz.souza;@eva.silva
@manuela.ribeiro;@beatriz.gomes
@rafael.pinto17;@leonardo.ramos
@laura.martins;@arthur.freitas
@helena.rocha;@isabela.cardoso12
@manuela.ribeiro;@debora.cardoso
@olivia.costa;@theo.moraes15
@felipe.silva;@matheus.santos65
@lorena.rocha;@fabio.almeida
@manuela.gomes;@theo.moraes15
@debora.dias;@lorena.rocha
@lorena.rocha;@theo.ribeiro
@zeca.barbosa;@joao.teixeira
@julia.freitas;@joao.gomes
@arthur.barbosa;@joao.cardoso67
@felipe.barbosa41;@enzo.pinto
@debora.rocha;@davi.santos21
@debora.rocha;@joao.cardoso
@davi;@isabela.freitas46
@samuel.almeida;@beatriz.gomes
@rafael.pinto;@valentina.silva
@gustavo.pinto;@manuela.silva
@rafael.dias;@enzo.santos
@arthur.barbosa;@enzo.pereira
@pedro.silva;@ana
@ana.costa;@theo.moraes15
@fabio.santos;@sofia.santos
@davi.dias;@mariana.barbosa
@ursula.ribeiro;@valentina.teixeira
@cecilia.gomes;@zeca.cardoso
@samuel.santos;@livia.teixeira
@mariana.ribeiro;@yasmin.almeida
@samuel.moraes;@theo.ribeiro
@beatriz.gomes;@samuel.almeida
@joao.gomes;@helena.lima
@laura.pinto;@enzo.pinto
@davi.silva;@laura.ribeiro
@carla.pinto7;@eva.ribeiro
@alice.freitas4;@quesia.dias
@lorena.moraes;@joao.cardoso
@carla.pinto7;@helena.lima
@arthur.cardoso;@gabi.ribeiro
@matheus.rocha;@mariana.pereira81
@lucas.pinto;@bernardo.martins
@theo.moraes87;@miguel.costa
@beatriz.souza;@mariana.almeida
@fabio.santos;@bruno.freitas
@xenia.teixeira;@livia.costa
@manuela.silva;@davi
@samuel.almeida;@lorena.moraes
@quesia.ribeiro;@gabi.barbosa
@valentina.rocha;@zeca.barbosa
@laura.ribeiro;@samuel.pinto
@xenia.pinto;@beatriz.pinto
@laura.ribeiro;@davi
@beatriz.pereira4;@miguel.moraes
@quesia.ribeiro;@felipe.barbosa41
@arthur.ramos;@mariana.pereira81
@leonardo.ramos;@nicolas.barbosa
@gabi.barbosa;@eva.silva
@laura.pereira;@pedro.barbosa
@livia.teixeira;@manuela.ribeiro
@ursula.teixeira;@bernardo.dias
@enzo.rocha;@davi.santos
@sofia.teixeira23;@pedro.barbosa
@laura.cardoso62;@felipe.barbosa
@julia.moraes60;@laura.cardoso
@caio.freitas;@theo.moraes15
@davi;@debora.rocha
@samuel.moraes92;@mariana.barbosa
@ana.costa;@wagner.freitas
@xenia.dias;@eva.silva
@quesia.rocha;@theo.moraes15
@heitor.ramos;@miguel.moraes
@debora.rocha;@gabi
@matheus.rocha;@sofia.teixeira
@lorena.moraes;@tiago.silva
@valentina.teixeira;@quesia.rocha
@samuel.souza;@cecilia.dias
@isabela.cardoso12;@debora.cardoso94
@alice.freitas4;@joao.teixeira
@carla;@isabela.pereira
@quesia.teixeira;@pedro.barbosa
@theo.moraes;@carla.oliveira
@nicolas.freitas;@gabi.pinto
@theo.martins;@nicolas.ramos
@eva.silva;@beatriz.pinto
@wagner.pereira46;@helena.lima
@sofia.costa;@gustavo.almeida
@julia.barbosa;@davi.silva
@laura.pereira;@alice.freitas4
@quesia.ribeiro;@gustavo.oliveira
@lucas.barbosa;@gustavo.oliveira
@enzo.pinto;@joao.martins
@leonardo.ramos;@miguel.freitas
@helena.lima;@ana.costa
@livia.teixeira;@manuela.almeida
@manuela.lima;@theo.moraes15
@laura.ribeiro;@ana.costa
@mariana.martins;@gabi.pinto
@yasmin.ribeiro;@pedro.barbosa
@arthur.freitas;@arthur.teixeira
@manuela.ribeiro;@joao.martins
@nicolas.barbosa;@helena.lima
@ursula.freitas;@valentina.souza
@rafael.pinto17;@bruno.almeida
@livia.gomes;@davi
@debora.rocha;@rafael.silva
@ana.costa;@carla.martins
@cecilia.dias;@bruno.freitas
@beatriz.souza;@wagner.barbosa
@alice.freitas4;@nicolas.barbosa
@manuela.silva;@beatriz.pinto
@arthur.santos;@joao.cardoso67
@theo.moraes87;@theo.ribeiro
@cecilia.dias;@davi
@theo.moraes;@davi
@tiago.pereira;@enzo.rocha
@livia.freitas;@matheus.santos
@eva.silva;@beatriz.souza
@carla.freitas;@miguel.costa
@wagner.martins;@isabela.freitas46
@joao.teixeira;@ana.costa59
@theo.moraes15;@joao.cardoso
@matheus.dias;@samuel.moraes
@nicolas.martins;@pedro.silva
@arthur.barbosa;@mariana.martins
@alice.moraes;@yasmin.almeida
@sofia.cardoso;@samuel.almeida
@sofia.cardoso;@pedro.barbosa
@matheus.santos;@sofia.rocha
@rafael.pinto;@nicolas.gomes
@lucas.barbosa;@davi
@luisa.almeida;@arthur.barbosa
@leonardo.dias30;@quesia.ribeiro
@joao.gomes;@carla.oliveira
@cecilia.dias;@matheus.santos
@gustavo.almeida;@rafael.dias
@miguel.moraes;@davi
@mariana.pereira;@livia.gomes
@sofia.costa;@ana.costa59
@zeca.barbosa;@miguel.pinto54
@yasmin.costa;@ana.santos
@debora.cardoso94;@olivia.costa
@fabio.santos;@eva.ribeiro
@joao.cardoso;@ana.costa
@tiago.santos;@nicolas.ramos
@nicolas.gomes;@theo.moraes15
@miguel.costa;@helena.gomes
@gustavo.oliveira;@laura.ribeiro
@manuela.almeida;@quesia.ribeiro
@samuel.dias;@bernardo.martins
@cecilia.dias;@helena.silva
@beatriz.pereira4;@miguel.pinto54
@wagner.pereira46;@cecilia.dias
@quesia.ribeiro;@tiago.silva
@rafael.pinto62;@debora.ramos
@miguel.freitas;@yasmin.almeida
@debora.cardoso;@wagner.freitas
@theo.cardoso;@joao.cardoso67
@joao.cardoso67;@pedro.barbosa
@nicolas.barbosa;@mariana.pereira81
@eva.silva;@theo.martins
@alice.moraes;@theo.moraes87
@enzo.pereira;@pedro.barbosa
@ana.costa;@lorena.rocha
@valentina.cardoso;@davi
@miguel.moraes;@alice.moraes
@luisa.ramos;@gustavo.silva
@alice.freitas4;@cecilia.dias
@theo.ribeiro;@debora.dias
@xenia.pinto;@quesia.ribeiro
@nicolas.gomes;@gabi.ribeiro
@julia.moraes60;@pedro.barbosa
@matheus.santos;@laura.oliveira
@debora.dias;@joao.cardoso
@nicolas.barbosa;@mariana.barbosa
@sofia.santos;@mariana.pereira81
@miguel.costa;@caio.freitas
@laura.cardoso62;@fabio.martins
@eva;@carla.oliveira
@cecilia.dias;@lucas.barbosa
@gael.ribeiro13;@ana.costa59
@pedro.silva;@yasmin.ribeiro
@davi;@yasmin.costa
@mariana.gomes;@theo.moraes15
@helena.lima;@isabela.cardoso12
@samuel.almeida;@bernardo.martins
@arthur.santos;@samuel.rocha
@bernardo.martins;@mariana.pereira81
@theo.ribeiro;@lorena.rocha
@cecilia.moraes;@quesia.ribeiro
@leonardo.dias;@laura.pinto
@bernardo.dias;@manuela.silva
@ana.costa;@davi.santos21
@matheus.santos;@julia.barbosa
@gael.ribeiro13;@theo.moraes15
@sofia.costa;@enzo.rocha
@ana.costa59;@helena.rocha
@sofia.rocha21;@arthur.santos
@pedro.silva;@enzo.pereira
@arthur.cardoso;@samuel.santos
@enzo.pereira;@theo.cardoso
@davi;@fabio.pinto
@julia.moraes;@pedro.barbosa
@pedro.barbosa;@olivia.freitas
@ursula.ribeiro;@laura.pinto
@ursula.cardoso;@rafael.silva
@gael.ribeiro13;@carla.oliveira
@eva.silva;@helena.gomes
@mariana.pereira81;@alice.moraes
@beatriz.almeida;@quesia.ribeiro
@ana.santos;@tiago.silva
@theo.martins;@davi
@wagner.pereira;@carla
@helena.rocha;@quesia.ribeiro
@valentina.teixeira;@ana
@rafael.silva;@pedro.barbosa
@livia.gomes;@nicolas.freitas
@fabio.almeida;@leonardo.dias
@alice.ribeiro;@julia.barbosa
@debora.cardoso94;@ana
@zeca.cardoso;@mariana.almeida
@mariana.pereira81;@mariana.almeida
@nicolas.gomes;@wagner.souza
@pedro.barbosa;@zeca.ribeiro
@bruno.barbosa;@arthur.teixeira
@matheus.santos;@davi
@heitor.moraes;@arthur.cardoso
@sofia.cardoso;@eva.silva
@mariana.gomes;@olivia.santos
@laura.cardoso;@julia.moraes60
@mariana.martins;@laura.ribeiro
@eva.ribeiro;@matheus.santos65
@joao.martins;@miguel.moraes
@theo.moraes;@rafael.pinto
@debora.rocha;@joao.teixeira
@theo.cardoso;@nicolas.ramos
@laura.oliveira;@pedro.barbosa
@isabela.freitas;@theo.ribeiro
@ursula.freitas;@wagner.martins
@zeca.barbosa;@fabio.ramos
@bruno.barbosa;@ursula.teixeira
@laura.ribeiro41;@sofia.costa
@tiago.santos;@leonardo.dias30
@theo.martins5;@xenia.dias
@arthur.barbosa;@pedro.barbosa
@carla.oliveira;@samuel.souza
@gabi;@sofia.santos
@helena.gomes;@fabio.santos
@lorena.moraes;@theo.freitas
@beatriz.souza;@theo.ribeiro
@carla;@beatriz.souza
@fabio;@lorena.rocha
@mariana.barbosa;@mariana.pereira
@mariana.pereira81;@theo.ribeiro
@gabi.barbosa;@davi.santos
@arthur.barbosa;@enzo.pinto
@gael.ribeiro;@carla.pereira
@quesia.dias;@pedro.barbosa
@manuela.almeida;@ana.santos
@luisa.ramos;@davi.dias
@karina.santos;@mariana.ribeiro
@isabela.cardoso;@quesia.ribeiro
@debora.ramos;@heitor.ramos
@bernardo.dias;@heitor.rocha
@matheus.dias;@enzo.santos
@ana.costa59;@ana.santos
@gustavo.oliveira;@karina.santos
@luisa.ramos;@quesia.teixeira
@zeca.ribeiro;@manuela.ribeiro
@helena.rocha;@samuel.moraes92
@bruno.barbosa;@livia.teixeira
@lucas.pinto;@pedro.silva
@bruno.silva;@matheus.santos
@yasmin.almeida;@mariana.barbosa
@eva.silva;@ursula.teixeira
@beatriz.almeida;@lorena.pereira
@ursula.ribeiro;@felipe.silva
@gustavo.pinto;@bruno.barbosa
@beatriz.pinto;@lorena.moraes
@beatriz.pereira4;@quesia.ribeiro
@arthur.teixeira;@zeca.cardoso
@debora.cardoso94;@laura.oliveira
@bernardo.martins;@julia.moraes60
@wagner.souza;@davi
@beatriz.pereira4;@davi
@theo.moraes;@joao.martins
@theo.moraes15;@wagner.barbosa
@laura.ribeiro41;@beatriz.souza
@arthur.cardoso;@beatriz.gomes
@bernardo.martins;@valentina.souza
@rafael.dias;@theo.ribeiro
@fabio.santos;@theo.moraes15
@theo.moraes87;@julia.moraes
@julia.moraes;@alice.ribeiro
@theo.ribeiro;@miguel.pinto
@bernardo.dias;@wagner.pereira
@gustavo.pinto;@tiago.freitas
@arthur.freitas;@laura.cardoso62
@fabio.martins;@mariana.pereira81
@mariana.pereira;@joao.freitas
@laura.pinto;@enzo.santos
@theo.ribeiro;@theo.cardoso
@gael.ribeiro;@quesia.ribeiro
@debora.cardoso94;@davi
@beatriz.pereira;@davi
@alice.ribeiro;@debora.rocha
@joao.cardoso;@tiago.freitas
@sofia.rocha;@theo.moraes15
@beatriz.gomes;@fabio.santos
@ana.santos;@davi
@yasmin.costa;@helena.silva
@debora.dias;@beatriz.souza
@mariana.gomes;@debora.rocha
@davi.santos21;@sofia.santos39
@theo.freitas;@theo.ribeiro
@helena.rocha;@enzo.pinto
@tiago.santos;@luisa.almeida
@arthur.teixeira;@ursula.ribeiro
@gustavo.oliveira;@lucas.barbosa
@davi;@carla.pinto7
@carla.freitas;@pedro.barbosa
@bruno.barbosa;@manuela.almeida
@laura.oliveira;@tiago.freitas
@isabela.pereira;@alice.freitas4
@pedro.barbosa;@fabio.almeida
@bruno.freitas;@livia.gomes
@davi.santos;@lucas.pinto
@samuel.rocha;@xenia.pinto
@nicolas.martins;@manuela.silva
@helena.rocha;@ana.santos
@julia.rocha;@manuela.ribeiro
@quesia.teixeira64;@debora.dias
@tiago.pereira;@gustavo.almeida
@quesia.teixeira64;@bernardo.martins
@samuel.rocha;@enzo.rocha
@wagner.pereira;@pedro.silva
@eva.silva;@tiago.silva
@matheus.santos;@nicolas.martins
@sofia.santos;@ana.santos
@miguel.freitas;@pedro.barbosa
@gustavo.oliveira;@arthur.ramos
@helena.silva;@mariana.pereira81
@tiago.pereira;@leonardo.dias
@heitor.moraes;@cecilia.gomes
@davi.dias;@eva.silva
@quesia.dias;@enzo.pinto
@matheus.dias;@ana
@davi.silva;@davi
@davi.santos21;@quesia.ribeiro
@olivia.santos;@mariana.pereira81
@gael.ribeiro;@sofia.costa
@samuel.santos;@laura.ribeiro41
@rafael.pinto17;@livia.gomes
@matheus.santos65;@manuela.ribeiro
@matheus.santos;@carla.oliveira
@mariana.pereira81;@debora.dias
@beatriz.souza;@miguel.costa
@bernardo.martins;@sofia.teixeira
@julia.rocha;@sofia.teixeira
@pedro.barbosa;@debora.rocha
@davi;@bernardo.silva
@rafael.pinto17;@davi
@yasmin.martins;@julia.moraes60
@julia.moraes60;@nicolas.martins
@gustavo.silva;@matheus.santos
@eva.silva;@pedro.barbosa
@laura.pinto;@manuela.gomes
@heitor.freitas;@zeca.cardoso
@wagner.pereira;@mariana.martins
@laura.ribeiro41;@isabela.cardoso
@joao.cardoso67;@ana
@caio.freitas;@carla.pinto7
@lorena.moraes;@carla
@fabio.martins;@sofia.santos39
@manuela.rocha;@beatriz.almeida
@theo.freitas;@olivia.ramos
@felipe.barbosa41;@ana.santos
@arthur.santos;@mariana.pereira81
@ana.costa59;@heitor.moraes
@sofia.teixeira;@beatriz.pinto
@ursula.cardoso;@matheus.santos65
@tiago.santos;@theo.moraes15
@livia.gomes;@matheus.santos65
@isabela.pereira;@ursula.ribeiro
@samuel.moraes92;@helena.rocha
@ana.costa;@mariana.barbosa
@laura.silva;@joao.moraes
@carla.oliveira;@lorena.rocha
@bruno;@eva.silva
@wagner.souza;@beatriz.gomes
@theo.moraes87;@felipe.oliveira
@mariana.barbosa;@manuela.rocha
@quesia.ribeiro;@theo.martins5
@valentina.cardoso;@bruno.barbosa
@sofia.cardoso;@bernardo.dias
@nicolas.gomes;@rafael.pinto17
@lorena.pereira;@nicolas.barbosa
@livia.teixeira;@fabio.martins
@rafael.silva;@lorena.rocha
@livia.teixeira;@theo.ribeiro
@enzo.pereira;@matheus.rocha
@fabio.almeida;@alice.freitas4
@bernardo.dias13;@samuel.rocha
@theo.freitas;@felipe.oliveira
@laura.oliveira;@livia.costa
@rafael.pinto17;@miguel.costa
@carla.pinto;@isabela.cardoso
@valentina.souza;@laura.pereira
@fabio.martins;@laura.cardoso62
@miguel.pinto54;@rafael.dias
@joao.cardoso67;@cecilia.moraes
@nicolas.gomes;@theo.ribeiro
@gustavo.silva;@luisa.ramos
@beatriz.souza;@matheus.santos
@laura.pinto;@xenia.dias
@theo.martins5;@enzo.pinto
@nicolas.gomes;@isabela.cardoso
@mariana.pinto;@theo.moraes
@eva.silva;@mariana.gomes
@davi;@zeca.cardoso
@livia.costa;@gabi
@caio.freitas;@eva.silva
@theo.cardoso;@theo.ribeiro
@laura.oliveira;@isabela.freitas46
@yasmin.ribeiro;@theo.ribeiro
@davi;@ana.ramos
@theo.ribeiro;@eva.ribeiro
@carla.oliveira;@quesia.ribeiro
@mariana.pereira81;@tiago.santos
@carla.oliveira;@beatriz.souza
@davi.santos;@gabi
@lorena.rocha;@joao.freitas
@matheus.santos;@matheus.ramos
@davi;@samuel.dias
@xenia.teixeira;@joao.martins
@eva;@bernardo.dias13
@davi;@beatriz.pinto
@eva.silva;@felipe.silva
@julia.freitas;@heitor.moraes
@manuela.silva;@manuela.ribeiro
@rafael.dias;@beatriz.almeida
@heitor.freitas;@davi
@isabela.cardoso12;@quesia.ribeiro
@beatriz.pereira;@olivia.costa
@caio.barbosa;@arthur.barbosa
@valentina.teixeira;@laura.silva
@tiago.silva;@ursula.cardoso
@theo.moraes87;@davi
@gustavo.oliveira;@livia.gomes
@mariana.pinto;@alice.moraes
@gabi.barbosa;@samuel.rocha
@karina.santos;@enzo.pinto
@manuela.ribeiro;@isabela.freitas46
@wagner.souza;@matheus.santos
@zeca.barbosa;@isabela.cardoso
@zeca.cardoso;@lucas.pinto
@heitor.souza;@mariana.pinto
@joao.martins;@ana
@arthur.teixeira;@pedro.barbosa
@theo.freitas;@joao.freitas
@joao.martins;@nicolas.barbosa
@alice.freitas;@lucas.pinto
@matheus.ramos;@zeca.cardoso
@felipe.silva;@wagner.freitas
@alice.freitas4;@tiago.pereira
@bruno.freitas;@joao.martins
@fabio.pinto;@davi.santos
@mariana.pinto;@joao.freitas
@samuel.moraes92;@pedro.barbosa
@ana.santos;@lorena.moraes
@arthur.freitas;@pedro.barbosa
@leonardo.ramos;@zeca.cardoso
@ursula.cardoso;@alice.freitas
@wagner.freitas;@beatriz.santos
@pedro.barbosa;@carla
@enzo.santos;@matheus.dias
@bruno.freitas;@samuel.pinto
@heitor.moraes;@beatriz.souza
@sofia.teixeira23;@bruno.freitas
@arthur.cardoso;@davi
@manuela.gomes;@debora.ramos
@samuel.rocha;@eva.ribeiro
@lorena.rocha;@eva
@laura.ribeiro;@quesia.ribeiro
@carla.pinto;@fabio.almeida
@pedro.barbosa;@theo.ribeiro
@yasmin.costa;@davi
@theo.martins5;@theo.moraes15
@eva.silva;@theo.martins5
@beatriz.souza;@tiago.freitas
@valentina.teixeira;@enzo.pinto
@sofia.teixeira;@nicolas.martins
@olivia.freitas;@pedro.barbosa
@olivia.santos;@eva.silva
@mariana.martins;@mariana.pereira81
@samuel.pinto;@alice.moraes
@helena.gomes;@livia.costa
@tiago.pereira;@alice.freitas4
@helena.lima;@julia.moraes60
@manuela.silva;@theo.ribeiro
@gabi.pinto;@miguel.pinto54
@gael.ribeiro;@enzo.pereira
@theo.moraes15;@joao.silva
@arthur.santos;@alice.freitas4
@eva.silva;@gustavo.pinto
@bernardo.dias;@valentina.teixeira
@joao.teixeira;@livia.costa
@theo.moraes15;@bruno.silva
@cecilia.dias;@arthur.teixeira
@laura.silva;@matheus.santos
@mariana.almeida;@mariana.pereira81
@yasmin.almeida;@gustavo.costa
@isabela.cardoso;@livia.gomes
@beatriz.pereira;@samuel.santos
@joao.freitas;@joao.cardoso67
@heitor.ramos92;@matheus.santos
@davi;@samuel.santos
@caio.freitas;@wagner.pereira46
@felipe.barbosa41;@davi
@eva.silva;@manuela.rocha
@samuel.almeida;@fabio.ramos
@beatriz.souza;@xenia.dias
@gabi;@theo.cardoso
@bernardo.dias;@joao.gomes
@debora.ramos;@isabela.cardoso
@alice.freitas4;@tiago.silva
@matheus.santos65;@theo.ribeiro
@ana.costa;@mariana.pereira81
@debora.cardoso;@wagner.barbosa
@livia.gomes;@caio.freitas
@felipe.silva;@lorena.pereira
@gustavo.pinto;@pedro.silva
@xenia.teixeira;@ana
@quesia.ribeiro;@eva.ribeiro
@miguel.freitas;@sofia.costa
@laura.martins;@beatriz.pinto
@laura.pereira;@rafael.dias
@ana.costa;@carla.pinto
@laura.ribeiro41;@carla.pereira
@karina.santos;@ana.costa
@isabela.pereira;@julia.rocha
@enzo.pinto;@rafael.pinto62
@davi.silva;@mariana.almeida
@miguel.freitas;@matheus.santos
@rafael.pinto;@beatriz.santos
@leonardo.dias;@davi.santos21
@eva.silva;@mariana.pereira81
@isabela.pereira;@bernardo.dias
@helena.silva;@theo.moraes15
@davi.dias;@rafael.pinto62
@wagner.barbosa;@lorena.rocha
@sofia.rocha21;@eva.ribeiro
@lucas.pinto;@davi
@theo.ribeiro;@manuela.gomes
@theo.moraes;@enzo.rocha
@sofia.teixeira23;@manuela.ribeiro
@bruno.almeida;@davi
@mariana.pereira81;@beatriz.gomes
@theo.moraes15;@lucas.barbosa
@arthur.santos;@luisa.almeida
@beatriz.pinto;@pedro.barbosa
@laura.pinto;@davi.freitas
@ana.santos;@nicolas.ramos
@rafael.pinto;@eva.silva
@ursula.teixeira;@enzo.pinto
@samuel.santos;@beatriz.souza
@lorena.rocha;@sofia.rocha
@cecilia.dias;@bruno
@valentina.souza;@laura.ribeiro41
@olivia.santos;@mariana.almeida
@fabio.pinto;@theo.moraes15
@fabio.almeida;@beatriz.pinto
@julia.rocha;@davi.dias
@manuela.ribeiro;@mariana.martins
@gael.ribeiro13;@debora.rocha
@samuel.santos;@alice.moraes
@pedro.barbosa;@bruno.barbosa
@laura.ribeiro;@debora.ramos
@matheus.santos;@samuel.rocha
@julia.freitas;@enzo.pereira
@samuel.pinto;@mariana.martins
@laura.pinto;@bruno.almeida
@olivia.ramos;@eva
@zeca.barbosa;@davi.freitas
@rafael.dias;@joao.teixeira
@tiago.pereira;@samuel.moraes92
@manuela.ribeiro;@heitor.moraes
@isabela.cardoso12;@caio.freitas
@carla.pereira;@ursula.teixeira
@isabela.freitas;@sofia.teixeira
@livia.teixeira;@manuela.rocha
@leonardo.dias;@zeca.cardoso
@mariana.pinto;@yasmin.costa
@debora.cardoso94;@beatriz.pinto
@wagner.souza;@quesia.ribeiro
@nicolas.gomes;@enzo.pinto
@samuel.souza;@lorena.rocha
@samuel.moraes;@enzo.rocha
@debora.ramos;@rafael.pinto62
@valentina.silva;@quesia.ribeiro
@joao.martins;@yasmin.almeida
@tiago.freitas;@joao.gomes
@wagner.martins;@gabi
@bruno.barbosa;@samuel.almeida
@laura.martins;@enzo.pinto
@cecilia.dias;@joao.moraes
@mariana.pinto;@laura.silva
@karina.santos;@carla.pereira
@valentina.souza;@helena.rocha
@arthur.barbosa;@beatriz.almeida
@gustavo.almeida;@laura.cardoso
@enzo.pinto;@bruno.barbosa
@fabio.ramos;@manuela.ribeiro
@eva.silva;@davi
@ursula.cardoso;@heitor.ramos92
@pedro.barbosa;@samuel.pinto
@lorena.moraes;@sofia.teixeira
@cecilia.gomes;@fabio.ramos
@livia.freitas;@debora.rocha
@beatriz.pinto;@nicolas.barbosa
@laura.ribeiro41;@matheus.rocha
@arthur.freitas;@leonardo.ramos
@leonardo.dias30;@joao.freitas
@arthur.teixeira;@mariana.pereira81
@theo.ribeiro;@pedro.barbosa
@theo.ribeiro;@tiago.freitas
@sofia.cardoso;@zeca.cardoso
@gael.ribeiro;@mariana.barbosa
@beatriz.santos;@wagner.freitas
@julia.moraes;@yasmin.almeida
@fabio.ramos;@bruno.freitas
@bernardo.martins;@enzo.pinto
@samuel.souza;@enzo.pereira
@laura.cardoso;@theo.moraes15
@carla.pinto7;@julia.barbosa
@isabela.cardoso12;@enzo.rocha
@beatriz.gomes;@mariana.pereira81
@pedro.silva;@debora.dias
@manuela.silva;@samuel.dias
@samuel.rocha;@fabio.almeida
@fabio.santos;@tiago.freitas
@ana.teixeira;@quesia.ribeiro
@heitor.ramos92;@arthur.freitas
@tiago.silva;@yasmin.ribeiro
@carla;@beatriz.pereira4
@isabela.cardoso12;@zeca.cardoso
@joao.martins;@samuel.almeida
@tiago.pereira;@nicolas.martins
@mariana.gomes;@ana.santos
@zeca.barbosa;@samuel.almeida
@xenia.teixeira;@manuela.silva
@quesia.ribeiro;@mariana.barbosa
@ursula.ribeiro;@davi
@mariana.pereira81;@mariana.martins
@yasmin.ribeiro;@rafael.pinto62
@nicolas.gomes;@pedro.barbosa
@bruno.barbosa;@manuela.gomes
@theo.moraes15;@laura.pereira
@laura.pinto;@lorena.rocha
@yasmin.martins;@samuel.dias
@alice.freitas;@theo.ribeiro
@davi.santos;@theo.ribeiro
@arthur.freitas;@zeca.cardoso
@gael.ribeiro;@wagner.pereira
@gael.ribeiro;@mariana.pereira81
@enzo.pinto;@rafael.silva
@gustavo.almeida;@ana.santos
@wagner.souza;@sofia.santos39
@cecilia.moraes;@samuel.souza
@theo.freitas;@carla
@manuela.ribeiro;@davi
@debora.dias;@livia.teixeira
@sofia.costa;@pedro.barbosa
@fabio.santos;@heitor.souza
@joao.cardoso;@laura.ribeiro
@matheus.santos65;@davi
@bernardo.dias;@debora.cardoso
@nicolas.ramos;@theo.moraes15
@alice.ribeiro;@theo.ribeiro
@beatriz.pereira4;@pedro.barbosa
@rafael.pinto;@bernardo.dias
@isabela.cardoso12;@laura.martins
@mariana.barbosa;@ursula.teixeira
@theo.cardoso;@eva.silva
@nicolas.gomes;@beatriz.pinto
@heitor.rocha;@theo.moraes
@gabi.barbosa;@tiago.silva
@theo.ribeiro;@eva.silva
@wagner.barbosa;@karina.santos
@theo.moraes15;@fabio.martins
@beatriz.pereira;@theo.ribeiro
@ursula.ramos;@miguel.moraes
@davi;@nicolas.cardoso
@felipe.oliveira;@gabi.pinto
@mariana.pinto;@luisa.almeida
@fabio.almeida;@davi.freitas
@samuel.dias;@ana.costa
@theo.moraes87;@fabio.almeida
@livia.gomes;@ursula.freitas
@joao.gomes;@arthur.ramos
@carla.pereira;@wagner.freitas
@sofia.santos39;@julia.freitas
@ursula.cardoso;@mariana.almeida
@theo.ribeiro;@davi.dias
@eva.silva;@theo.ribeiro
@mariana.almeida;@felipe.silva
@rafael.pinto;@fabio.santos
@helena.lima;@matheus.santos
@beatriz.pinto;@olivia.costa
@felipe.barbosa41;@joao.cardoso
@julia.moraes;@felipe.silva
@isabela.cardoso;@zeca.cardoso
@lorena.rocha;@alice.freitas
@tiago.santos;@ana.teixeira
@laura.pinto;@theo.ribeiro
@joao.teixeira;@sofia.santos
@debora.ramos;@eva.silva
@quesia.ribeiro;@davi
@enzo.pereira;@miguel.pinto
@gabi.ribeiro;@nicolas.gomes
@pedro.silva;@helena.lima
@mariana.pereira81;@manuela.lima
@helena.lima;@manuela.ribeiro
@samuel.santos;@theo.moraes15
@theo.moraes;@fabio.pinto
@sofia.costa;@debora.rocha
@cecilia.moraes;@davi
@nicolas.barbosa;@alice.freitas
@quesia.ribeiro;@matheus.dias
@wagner.pereira;@carla.oliveira
@quesia.teixeira;@laura.silva
@arthur.cardoso;@caio.freitas
@sofia.teixeira;@manuela.ribeiro
@sofia.cardoso;@lorena.moraes
@mariana.pereira81;@manuela.almeida
@laura.oliveira;@eva.silva
@cecilia.moraes;@matheus.ramos
@isabela.cardoso12;@wagner.martins
@lorena.pereira;@quesia.ribeiro
@bernardo.silva;@fabio.martins
@arthur.cardoso;@theo.ribeiro
@alice.freitas4;@matheus.santos
@ana.costa59;@ana.costa
@mariana.pereira81;@enzo.rocha
@isabela.cardoso12;@caio.barbosa
@alice.ribeiro;@miguel.costa
@beatriz.souza;@felipe.oliveira
@quesia.teixeira64;@ana.costa
@isabela.freitas46;@cecilia.dias
@ana.costa59;@felipe.oliveira
@davi.dias;@felipe.oliveira24
@miguel.pinto;@theo.moraes15
@carla;@laura.silva
@mariana.pereira81;@eva.silva
@heitor.freitas;@quesia.ribeiro
@joao.cardoso;@theo.ribeiro
@gustavo.oliveira;@davi
@laura.ribeiro41;@eva.silva
@isabela.ramos;@sofia.cardoso
@pedro.barbosa;@felipe.oliveira
@ursula.ribeiro;@sofia.costa
@carla.martins;@felipe.silva
@rafael.pinto;@helena.lima
@rafael.silva;@beatriz.almeida
@bernardo.martins;@quesia.teixeira64
@debora.cardoso;@sofia.rocha21
@xenia.teixeira;@theo.ribeiro
@laura.martins;@davi
@laura.pereira;@valentina.souza
@beatriz.pinto;@joao.silva
@miguel.costa;@sofia.teixeira
@sofia.teixeira23;@enzo.pinto
@samuel.santos;@quesia.teixeira
@samuel.santos;@livia.gomes
@carla.pinto7;@nicolas.martins
@joao.cardoso67;@wagner.barbosa
@bruno.silva;@zeca.ribeiro
@ursula.teixeira;@zeca.cardoso
@miguel.pinto;@valentina.souza
@davi.dias;@matheus.rocha
@laura.pereira;@bernardo.martins
@yasmin.costa;@theo.moraes15
@theo.moraes87;@xenia.teixeira
@beatriz.pereira4;@xenia.dias
@miguel.costa;@joao.teixeira
@felipe.barbosa41;@arthur.teixeira
@manuela.almeida;@eva.silva
@vitor.lima;@sofia.santos
@livia.freitas;@mariana.pereira81
@matheus.ramos;@davi.santos
@davi.dias;@beatriz.pinto
@theo.moraes15;@lorena.moraes
@olivia.santos;@davi
@gabi.barbosa;@fabio.ramos
@yasmin.ribeiro;@rafael.dias
@laura.martins;@heitor.ramos92
@eva.silva;@manuela.gomes
@gustavo.silva;@sofia.santos
@carla.pinto7;@ursula.cardoso
@carla.pinto;@laura.pinto
@nicolas.cardoso;@luisa.almeida
@tiago.santos;@rafael.dias
@arthur.cardoso;@bernardo.silva
@manuela.silva;@felipe.barbosa41
@enzo.rocha;@theo.moraes87
@helena.lima;@zeca.cardoso
@sofia.teixeira;@laura.ribeiro
@manuela.almeida;@lucas.barbosa
@theo.moraes15;@lorena.pereira
@manuela.lima;@enzo.pinto
@theo.moraes15;@davi.santos21
@julia.rocha;@wagner.pereira
@gabi.pinto;@eva.silva
@theo.moraes15;@debora.ramos
@theo.moraes15;@isabela.cardoso
@julia.barbosa;@bruno.freitas
@carla.oliveira;@zeca.cardoso
@olivia.ramos;@gabi.pinto
@heitor.moraes;@wagner.barbosa
@laura.pinto;@livia.teixeira
@arthur.ramos;@julia.freitas
@davi.silva;@wagner.freitas
@theo.martins5;@manuela.rocha
@tiago.pereira;@theo.freitas
@manuela.gomes;@laura.ribeiro
@manuela.silva;@bernardo.dias
@julia.oliveira;@manuela.ribeiro
@laura.martins;@leonardo.dias30
@julia.freitas;@alice.freitas
@cecilia.dias;@debora.ramos
@mariana.gomes;@nicolas.freitas
@sofia.cardoso;@ana.santos
@rafael.dias;@miguel.costa
@bernardo.martins;@leonardo.dias30
@joao.martins;@beatriz.pinto
@debora.cardoso;@enzo.pinto
@tiago.pereira;@eva.silva
@fabio.santos;@arthur.freitas
@davi.dias;@livia.gomes
@lucas.barbosa;@cecilia.dias
@davi;@lorena.moraes
@theo.moraes;@mariana.pereira81
@bruno.freitas;@bernardo.dias
@fabio.martins;@davi
@bruno.almeida;@gustavo.almeida
@beatriz.souza;@carla.oliveira
@valentina.souza;@davi
@heitor.souza;@manuela.ribeiro
@fabio.santos;@theo.cardoso
@gustavo.pinto;@livia.gomes
@manuela.gomes;@rafael.pinto
@lorena.moraes;@quesia.ribeiro
@davi;@arthur.barbosa
@enzo.santos;@theo.moraes15
@lorena.rocha;@wagner.barbosa
@livia.freitas;@eva.silva
@bruno.freitas;@eva.silva
@miguel.freitas;@enzo.pereira
@leonardo.dias;@theo.moraes15
@valentina.souza;@isabela.cardoso
@heitor.souza;@carla.oliveira
@theo.ribeiro;@alice.freitas4
@lorena.moraes;@fabio.pinto
@davi;@davi.silva
@isabela.pereira;@theo.moraes15
@felipe.silva;@bernardo.dias
@nicolas.freitas;@leonardo.dias30
@beatriz.pinto;@debora.cardoso94
@mariana.pinto;@bruno.freitas
@ana.santos;@gustavo.pinto
@isabela.cardoso;@theo.martins
@livia.freitas;@davi
@arthur.santos;@cecilia.moraes
@pedro.barbosa;@lucas.pinto
@livia.teixeira;@felipe.silva
@arthur.freitas;@xenia.teixeira
@laura.martins;@ana
@helena.lima;@samuel.pinto
@felipe.silva;@samuel.moraes
@carla.martins;@bernardo.silva
@xenia.pinto;@joao.cardoso
@nicolas.ramos;@gael.ribeiro
@nicolas.ramos;@olivia.freitas
@ursula.cardoso;@helena.lima
@carla;@wagner.martins
@bruno.freitas;@vitor.lima
@pedro.barbosa;@beatriz.pinto
@manuela.ribeiro;@helena.lima
@livia.freitas;@manuela.ribeiro
@tiago.freitas;@laura.ribeiro
@xenia.teixeira;@leonardo.dias
@quesia.teixeira;@theo.moraes15
@mariana.pereira81;@samuel.rocha
@arthur.freitas;@laura.martins
@arthur.santos;@wagner.barbosa
@bernardo.dias;@isabela.cardoso12
@debora.cardoso;@lorena.rocha
@debora.dias;@pedro.barbosa
@debora.ramos;@ursula.ramos
@mariana.pinto;@debora.cardoso94
@yasmin.martins;@valentina.rocha
@miguel.freitas;@davi
@samuel.santos;@arthur.cardoso
@julia.moraes;@fabio.pinto
@ursula.freitas;@wagner.freitas
@zeca.ribeiro;@rafael.dias
@enzo.pereira;@isabela.ramos
@julia.moraes60;@alice.freitas4
@bruno.barbosa;@cecilia.dias
@manuela.gomes;@davi
@fabio.pinto;@gustavo.silva
@laura.martins;@julia.moraes
@olivia.ramos;@nicolas.martins
@alice.ribeiro;@ana.santos
@joao.gomes;@joao.cardoso
@bernardo.silva;@matheus.santos
@ursula.ramos;@manuela.ribeiro
@xenia.dias;@arthur.cardoso
@cecilia.moraes;@beatriz.souza
@sofia.cardoso;@gustavo.oliveira
@julia.moraes60;@theo.ribeiro
@gustavo.pinto;@fabio.martins
@wagner.pereira46;@yasmin.almeida
@ursula.ribeiro;@laura.ribeiro41
@davi.dias;@theo.ribeiro
@fabio.ramos;@miguel.moraes
@matheus.santos;@nicolas.gomes
@olivia.ramos;@theo.cardoso
@debora.ramos;@debora.cardoso94
@heitor.rocha;@karina.santos
@wagner.souza;@joao.cardoso67
@wagner.freitas;@samuel.santos
@julia.rocha;@beatriz.pinto
@theo.moraes15;@lucas.pinto
@helena.rocha;@manuela.ribeiro
@joao.cardoso;@wagner.souza
@gustavo.almeida;@ana.costa
@ursula.ramos;@laura.ribeiro41
@joao.martins;@julia.freitas
@rafael.silva;@gustavo.silva
@lorena.moraes;@davi
@debora.cardoso94;@helena.lima
@lucas.barbosa;@theo.ribeiro
@davi.santos;@mariana.gomes
@samuel.moraes;@livia.gomes
@carla.freitas;@lorena.pereira
@fabio.martins;@matheus.santos
@valentina.rocha;@yasmin.martins
@laura.martins;@sofia.rocha21
@arthur.teixeira;@julia.rocha
@rafael.dias;@laura.ribeiro
@laura.ribeiro;@matheus.rocha
@rafael.pinto;@manuela.gomes
@samuel.pinto;@beatriz.gomes
@isabela.freitas;@bruno.barbosa
@gabi.barbosa;@davi
@tiago.pereira;@yasmin.ribeiro
@fabio.santos;@livia.teixeira
@theo.freitas;@eva.silva
@joao.cardoso;@felipe.oliveira
@isabela.pereira;@helena.rocha
@gustavo.almeida;@debora.dias
@rafael.pinto;@debora.ramos
@davi.santos21;@isabela.cardoso
@miguel.costa;@alice.ribeiro
@ana.costa;@xenia.teixeira
@nicolas.ramos;@joao.freitas
@sofia.costa;@theo.moraes15
@eva.silva;@matheus.santos
@carla.freitas;@davi
@beatriz.pinto;@helena.lima
@sofia.cardoso;@theo.freitas
@ana;@debora.cardoso94
@sofia.teixeira23;@laura.oliveira
@arthur.santos;@carla.oliveira
@fabio.ramos;@alice.freitas4
@joao.teixeira;@mariana.pereira81
@theo.martins5;@miguel.costa
@matheus.santos;@valentina.teixeira
@ursula.cardoso;@sofia.rocha21
@mariana.pereira81;@matheus.dias
@livia.costa;@wagner.souza
@laura.pinto;@samuel.moraes
@helena.silva;@ana
@mariana.martins;@nicolas.ramos
@gabi;@joao.gomes
@gustavo.pinto;@enzo.pinto
@livia.costa;@ana.santos
@arthur.ramos;@nicolas.cardoso
@gabi.barbosa;@helena.gomes
@mariana.ribeiro;@gustavo.silva
@wagner.souza;@zeca.cardoso
@tiago.pereira;@debora.dias
@beatriz.pereira4;@enzo.rocha
@davi;@samuel.moraes
@gabi.barbosa;@zeca.ribeiro
@rafael.pinto62;@arthur.santos
@heitor.souza;@theo.moraes15
@olivia.freitas;@beatriz.almeida
@rafael.dias;@matheus.santos65
@carla.pereira;@mariana.pinto
@fabio.martins;@manuela.ribeiro
@isabela.cardoso12;@matheus.santos
@arthur.barbosa;@manuela.ribeiro
@wagner.freitas;@enzo.pinto
@nicolas.cardoso;@tiago.silva
@samuel.souza;@davi
@leonardo.ramos;@laura.martins
@beatriz.almeida;@beatriz.pinto
@enzo.santos;@enzo.pinto
@fabio.ramos;@beatriz.pinto
@alice.ribeiro;@zeca.cardoso
@carla.oliveira;@gabi.pinto
@gabi;@beatriz.santos
@karina.santos;@enzo.pereira
@carla.oliveira;@davi
@tiago.silva;@theo.moraes15
@yasmin.costa;@nicolas.barbosa
@ana.santos;@tiago.pereira
@davi.silva;@lorena.moraes
@leonardo.dias30;@yasmin.costa
@bernardo.silva;@laura.ribeiro
@felipe.silva;@fabio.pinto
@bernardo.martins;@pedro.barbosa
@leonardo.ramos;@lorena.pereira
@enzo.pereira;@davi
@laura.cardoso62;@arthur.freitas
@mariana.martins;@arthur.barbosa
@heitor.souza;@quesia.ribeiro
@bernardo.martins;@karina.santos
@debora.cardoso;@alice.freitas4
@carla.martins;@karina.santos
@davi.santos;@theo.cardoso
@zeca.barbosa;@joao.martins
@enzo.santos;@theo.ribeiro
@julia.barbosa;@theo.ribeiro
@eva.silva;@bruno.barbosa
@manuela.silva;@beatriz.souza
@sofia.teixeira;@enzo.pinto
@quesia.teixeira;@theo.ribeiro
@gustavo.oliveira;@beatriz.almeida
@gabi.pinto;@theo.cardoso
@felipe.barbosa41;@bruno.freitas
@mariana.gomes;@manuela.almeida
@bruno.barbosa;@theo.ribeiro
@debora.cardoso;@cecilia.gomes
@gustavo.costa;@manuela.silva
@mariana.pinto;@theo.ribeiro
@davi.dias;@samuel.almeida
@beatriz.pereira4;@manuela.rocha
@quesia.teixeira64;@arthur.freitas
@theo.moraes15;@gustavo.pinto
@carla.pinto7;@sofia.santos
@yasmin.costa;@zeca.cardoso
@theo.moraes87;@alice.moraes
@joao.gomes;@enzo.rocha
@zeca.cardoso;@bernardo.martins
@rafael.pinto17;@valentina.teixeira
@beatriz.pereira;@heitor.rocha
@mariana.gomes;@fabio.almeida
@theo.ribeiro;@julia.freitas
@helena.lima;@beatriz.pinto
@mariana.barbosa;@manuela.ribeiro
@eva.ribeiro;@livia.gomes
@nicolas.gomes;@mariana.barbosa
@wagner.barbosa;@rafael.dias
@julia.moraes;@miguel.freitas
@manuela.ribeiro;@sofia.teixeira
@samuel.moraes;@karina.santos
@joao.teixeira;@valentina.cardoso
@bruno;@enzo.pereira
@nicolas.gomes;@julia.freitas
@laura.ribeiro;@laura.pinto
@bruno.barbosa;@laura.silva
@rafael.pinto;@theo.ribeiro
@nicolas.freitas;@samuel.moraes
@joao.freitas;@lorena.rocha
@ursula.ramos;@bruno.barbosa
@theo.martins5;@rafael.dias
@laura.ribeiro;@manuela.silva
@laura.ribeiro41;@valentina.souza
@livia.teixeira;@ursula.ribeiro
@vitor.lima;@manuela.silva
@matheus.santos;@helena.lima
@beatriz.gomes;@theo.moraes15
@pedro.barbosa;@theo.moraes15
@bernardo.silva;@quesia.ribeiro
@felipe.oliveira;@samuel.santos
@sofia.rocha21;@carla.oliveira
@mariana.gomes;@matheus.santos
@nicolas.barbosa;@eva.silva
@quesia.ribeiro;@davi.santos21
@rafael.silva;@sofia.santos
@bernardo.martins;@enzo.santos
@carla.pereira;@quesia.ribeiro
@davi;@beatriz.pereira
@bruno.freitas;@julia.barbosa
@joao.teixeira;@theo.moraes15
@debora.ramos;@cecilia.dias
@matheus.santos;@isabela.pereira
@helena.lima;@leonardo.dias30
@heitor.rocha;@rafael.dias
@zeca.cardoso;@arthur.santos
@caio.freitas;@cecilia.gomes
@matheus.dias;@livia.freitas
@joao.martins;@tiago.silva
@wagner.pereira;@gabi.barbosa
@ursula.freitas;@julia.moraes
@heitor.ramos92;@davi
@theo.moraes;@felipe.oliveira24
@ursula.freitas;@manuela.silva
@wagner.souza;@ana.teixeira
@theo.moraes15;@pedro.silva
@lorena.rocha;@eva.silva
@livia.costa;@mariana.pereira81
@cecilia.moraes;@theo.moraes15
@julia.rocha;@samuel.pinto
@carla.oliveira;@laura.silva
@carla.oliveira;@ana.santos
@tiago.freitas;@mariana.pereira81
@sofia.costa;@theo.cardoso
@helena.freitas;@theo.ribeiro
@arthur.ramos;@heitor.souza
@mariana.barbosa;@lorena.rocha
@theo.moraes15;@laura.cardoso
@quesia.dias;@valentina.cardoso
@pedro.barbosa;@sofia.santos39
@samuel.santos;@carla.oliveira
@wagner.barbosa;@quesia.ribeiro
@laura.ribeiro41;@joao.moraes
@manuela.rocha;@eva.silva
@nicolas.ramos;@debora.ramos
@theo.ribeiro;@rafael.dias
@enzo.rocha;@mariana.pereira81
@julia.moraes60;@gustavo.almeida
@manuela.lima;@valentina.souza
@pedro.silva;@rafael.dias
@sofia.cardoso;@tiago.silva
@carla.oliveira;@theo.moraes
@quesia.ribeiro;@rafael.dias
@theo.moraes15;@gabi.barbosa
@laura.oliveira;@nicolas.barbosa
@livia.gomes;@laura.ribeiro
@tiago.santos;@wagner.pereira46
@miguel.costa;@beatriz.santos
@bernardo.dias;@pedro.barbosa
@joao.martins;@samuel.pinto
@beatriz.souza;@enzo.pinto
@manuela.gomes;@mariana.pereira81
@laura.ribeiro;@joao.cardoso67
@bruno.silva;@joao.moraes
@alice.freitas4;@nicolas.ramos
@theo.moraes87;@helena.freitas
@davi;@sofia.santos39
@carla.oliveira;@theo.ribeiro
@sofia.teixeira;@bernardo.dias13
@rafael.pinto17;@eva.silva
@davi.silva;@felipe.oliveira
@bruno.barbosa;@ursula.ramos
@olivia.costa;@samuel.santos
@nicolas.ramos;@miguel.freitas
@tiago.santos;@gabi.barbosa
@joao.martins;@fabio
@joao.freitas;@gustavo.pinto
@tiago.freitas;@eva.silva
@matheus.rocha;@ursula.ramos
@pedro.silva;@laura.ribeiro
@theo.moraes87;@eva.silva
@theo.freitas;@laura.pinto
@felipe.silva;@zeca.cardoso
@laura.oliveira;@fabio.martins
@beatriz.pinto;@joao.martins
@bruno.barbosa;@valentina.silva
@heitor.ramos92;@wagner.souza
@laura.ribeiro;@theo.ribeiro
@yasmin.ribeiro;@enzo.rocha
@lucas.pinto;@valentina.teixeira
@matheus.rocha;@valentina.teixeira
@heitor.ramos92;@helena.lima
@alice.freitas;@leonardo.ramos
@helena.lima;@eva.silva
@enzo.pinto;@laura.ribeiro41
@felipe.silva;@eva.silva
@xenia.dias;@theo.ribeiro
@laura.pereira;@samuel.moraes92
@theo.freitas;@yasmin.ribeiro
@samuel.almeida;@yasmin.almeida
@arthur.ramos;@quesia.ribeiro
@rafael.pinto17;@beatriz.pinto
@samuel.dias;@samuel.pinto
@alice.freitas;@enzo.pereira
@laura.oliveira;@laura.ribeiro
@pedro.barbosa;@arthur.cardoso
@bruno.almeida;@theo.ribeiro
@ursula.ribeiro;@manuela.ribeiro
@mariana.gomes;@gabi.pinto
@gustavo.costa;@sofia.santos
@beatriz.santos;@valentina.cardoso
@leonardo.dias;@bruno.freitas
@davi.dias;@lorena.rocha
@julia.barbosa;@helena.lima
@bruno;@heitor.ramos
@bruno.barbosa;@laura.oliveira
@ursula.cardoso;@carla.oliveira
@joao.freitas;@theo.ribeiro
@olivia.santos;@matheus.santos
@matheus.santos;@debora.cardoso94
@rafael.silva;@davi.freitas
@yasmin.almeida;@theo.moraes
@livia.gomes;@julia.moraes
@debora.ramos;@gabi.barbosa
@isabela.pereira;@mariana.pereira81
@julia.moraes60;@miguel.moraes
@gabi.ribeiro;@ursula.freitas
@laura.ribeiro;@gustavo.oliveira
@theo.moraes15;@carla.pinto7
@leonardo.dias;@isabela.freitas46
@livia.gomes;@quesia.ribeiro
@julia.moraes;@ana.santos
@olivia.santos;@heitor.rocha
@ana.ramos;@davi.dias
@caio.freitas;@pedro.barbosa
@laura.ribeiro41;@ursula.ramos
@helena.rocha;@theo.moraes15
@sofia.costa;@quesia.ribeiro
@quesia.teixeira64;@mariana.ribeiro
@valentina.teixeira;@ursula.ribeiro
@bernardo.dias;@mariana.almeida
@pedro.barbosa;@livia.freitas
@lucas.pinto;@beatriz.pinto
@joao.cardoso;@carla.pereira
@arthur.freitas;@fabio.santos
@livia.costa;@joao.martins
@manuela.rocha;@julia.rocha
@lorena.rocha;@sofia.costa
@helena.rocha;@eva.silva
@theo.moraes15;@carla.oliveira
@felipe.oliveira;@matheus.santos
@enzo.rocha;@cecilia.moraes
@gael.ribeiro;@davi
@sofia.rocha21;@davi.santos21
@quesia.rocha;@caio.freitas
@laura.cardoso62;@davi
@arthur.barbosa;@theo.freitas
@isabela.cardoso12;@helena.rocha
@carla.pinto;@ursula.cardoso
@gustavo.costa;@heitor.ramos
@joao.moraes;@ursula.teixeira
@laura.ribeiro41;@miguel.costa
@julia.moraes;@manuela.ribeiro
@ana;@olivia.costa
@ana.teixeira;@laura.oliveira
@manuela.ribeiro;@sofia.santos
@isabela.cardoso;@luisa.ramos
@joao.cardoso;@debora.dias
@manuela.lima;@gustavo.pinto
@joao.martins;@theo.moraes
@tiago.santos;@debora.rocha
@debora.rocha;@miguel.freitas
@gustavo.almeida;@bernardo.dias
@pedro.silva;@felipe.barbosa
@manuela.gomes;@beatriz.souza
@gabi.barbosa;@manuela.ribeiro
@helena.gomes;@theo.freitas
@eva.silva;@rafael.pinto
@tiago.freitas;@miguel.costa
@ursula.freitas;@karina.santos
@joao.silva;@ana.santos
@joao.silva;@eva.silva
@cecilia.gomes;@debora.cardoso
@manuela.almeida;@davi
@ana.costa;@manuela.ribeiro
@davi;@arthur.santos
@julia.freitas;@valentina.cardoso
@theo.moraes15;@ana.teixeira
@joao.cardoso67;@enzo.rocha
@arthur.barbosa;@caio.barbosa
@eva.silva;@theo.moraes87
@zeca.cardoso;@arthur.teixeira
@isabela.cardoso;@lucas.pinto
@ana.teixeira;@lorena.rocha
@rafael.pinto17;@theo.ribeiro
@laura.silva;@fabio
@laura.cardoso62;@rafael.pinto62
@nicolas.barbosa;@cecilia.dias
@olivia.santos;@miguel.pinto
@quesia.ribeiro;@enzo.pinto
@helena.rocha;@beatriz.almeida
@bernardo.dias;@samuel.santos
@sofia.rocha21;@laura.pereira
@lorena.rocha;@ana.teixeira
@ursula.freitas;@enzo.rocha
@bruno.freitas;@ana.teixeira
@leonardo.dias;@wagner.pereira46
@theo.cardoso;@davi
@heitor.moraes;@miguel.moraes
@fabio.almeida;@enzo.pereira
@joao.teixeira;@miguel.costa
@wagner.martins;@alice.moraes
@olivia.freitas;@theo.moraes15
@ursula.ribeiro;@quesia.ribeiro
@laura.pinto;@valentina.rocha
@theo.freitas;@matheus.santos
@gabi.pinto;@theo.moraes15
@lucas.pinto;@enzo.pinto
@pedro.barbosa;@nicolas.barbosa
@carla.oliveira;@heitor.moraes
@manuela.ribeiro;@valentina.souza
@ursula.freitas;@pedro.barbosa
@nicolas.ramos;@yasmin.ribeiro
@enzo.pinto;@samuel.santos
@quesia.dias;@alice.moraes
@carla.freitas;@manuela.gomes
@lorena.rocha;@sofia.cardoso
@lorena.rocha;@samuel.souza
@joao.martins;@ursula.cardoso
@ana.costa;@theo.ribeiro
@julia.freitas;@mariana.pereira
@valentina.souza;@carla.martins
@rafael.pinto;@heitor.freitas
@bruno;@theo.moraes15
@lorena.rocha;@debora.cardoso
@livia.costa;@pedro.barbosa
@samuel.pinto;@pedro.barbosa
@ursula.freitas;@gabi.ribeiro
@tiago.silva;@matheus.rocha
@leonardo.dias;@enzo.rocha
@joao.martins;@joao.gomes
@ursula.cardoso;@quesia.ribeiro
@samuel.moraes92;@lorena.rocha
@lucas.pinto;@julia.oliveira
@samuel.santos;@tiago.pereira
@carla.pinto7;@carla.oliveira
@ana.costa59;@nicolas.freitas
@theo.cardoso;@davi.santos
@nicolas.freitas;@beatriz.almeida
@isabela.pereira;@alice.freitas
@valentina.cardoso;@eva.silva
@laura.pereira;@theo.ribeiro
@zeca.cardoso;@felipe.oliveira
@enzo.rocha;@bruno.freitas
@ana.teixeira;@ana.santos
@laura.pinto;@davi
@yasmin.martins;@pedro.barbosa
@miguel.freitas;@laura.silva
@cecilia.dias;@mariana.pereira81
@livia.costa;@carla.martins
@lucas.barbosa;@joao.cardoso
@eva.silva;@sofia.santos
@arthur.teixeira;@laura.cardoso
@heitor.ramos;@davi
@debora.dias;@valentina.teixeira
@olivia.costa;@alice.moraes
@julia.freitas;@quesia.ribeiro
@gustavo.almeida;@rafael.pinto17
@xenia.pinto;@samuel.rocha
@manuela.almeida;@theo.cardoso
@laura.pereira;@manuela.rocha
@wagner.barbosa;@nicolas.gomes
@laura.ribeiro;@manuela.ribeiro
@miguel.pinto54;@ana.ramos
@davi;@samuel.souza
@rafael.silva;@laura.silva
@gustavo.silva;@theo.ribeiro
@debora.cardoso;@isabela.pereira
@eva.ribeiro;@joao.teixeira
@manuela.silva;@mariana.pinto
@quesia.ribeiro;@nicolas.barbosa
@manuela.rocha;@lorena.rocha
@wagner.martins;@laura.ribeiro
@samuel.almeida;@ana.santos
@miguel.pinto;@manuela.gomes
@lorena.rocha;@theo.moraes87
@tiago.pereira;@ana
@gustavo.pinto;@samuel.dias
@luisa.ramos;@yasmin.martins
@samuel.pinto;@carla.freitas
@gustavo.costa;@ana
@manuela.rocha;@mariana.barbosa
@beatriz.souza;@nicolas.ramos
@theo.moraes87;@arthur.barbosa
@nicolas.gomes;@livia.teixeira
@pedro.barbosa;@caio.freitas
@manuela.almeida;@zeca.cardoso
@ana.teixeira;@valentina.cardoso
@livia.gomes;@gabi.ribeiro
@gustavo.pinto;@theo.moraes15
@carla.pereira;@ursula.freitas
@beatriz.pinto;@ana.santos
@beatriz.pereira;@rafael.dias
@quesia.teixeira;@samuel.souza
@zeca.barbosa;@manuela.rocha
@gabi.barbosa;@gael.ribeiro
@cecilia.gomes;@rafael.pinto17
@carla.martins;@ana
@theo.moraes15;@zeca.cardoso
@matheus.santos;@pedro.barbosa
@felipe.barbosa41;@eva.silva
@pedro.barbosa;@manuela.rocha
@ana.ramos;@davi
@manuela.rocha;@samuel.rocha
@laura.cardoso62;@pedro.barbosa
@cecilia.dias;@enzo.pinto
@davi;@eva
@samuel.almeida;@ana
@nicolas.cardoso;@livia.gomes
@mariana.gomes;@enzo.rocha
@manuela.rocha;@theo.martins5
@debora.ramos;@matheus.dias
@carla.martins;@wagner.barbosa
@sofia.cardoso;@isabela.freitas46
@felipe.barbosa41;@quesia.ribeiro
@ana.ramos;@eva.silva
@fabio.ramos;@felipe.barbosa
@ursula.teixeira;@theo.moraes15
@davi.santos21;@leonardo.dias
@gabi.barbosa;@ana.santos
@rafael.silva;@eva.silva
@beatriz.santos;@ana.santos
@alice.ribeiro;@wagner.souza
@luisa.almeida;@tiago.santos
@wagner.freitas;@lorena.rocha
@debora.dias;@tiago.pereira
@leonardo.ramos;@davi
@fabio.almeida;@manuela.ribeiro
@theo.freitas;@pedro.barbosa
@julia.rocha;@rafael.silva
@theo.moraes15;@beatriz.almeida
@gustavo.oliveira;@manuela.rocha
@livia.gomes;@julia.rocha
@joao.silva;@ana.costa
@cecilia.moraes;@wagner.pereira
@ursula.ramos;@theo.ribeiro
@wagner.barbosa;@cecilia.dias
@zeca.cardoso;@tiago.silva
@davi.santos;@zeca.cardoso
@yasmin.ribeiro;@nicolas.ramos
@joao.gomes;@laura.pinto
@bernardo.silva;@cecilia.dias
@zeca.barbosa;@olivia.costa
@beatriz.souza;@joao.moraes
@yasmin.almeida;@manuela.ribeiro
@helena.freitas;@fabio.santos
@debora.cardoso94;@ursula.teixeira
@wagner.pereira;@julia.moraes60
@arthur.cardoso;@quesia.ribeiro
@tiago.silva;@julia.moraes60
@tiago.pereira;@manuela.ribeiro
@nicolas.ramos;@alice.freitas4
@matheus.rocha;@cecilia.dias
@zeca.barbosa;@valentina.rocha
@quesia.ribeiro;@manuela.lima
@nicolas.freitas;@sofia.santos39
@tiago.santos;@laura.ribeiro41
@beatriz.pinto;@fabio.ramos
@felipe.barbosa;@ursula.ribeiro
@ana.costa;@ursula.teixeira
@ursula.ramos;@lucas.pinto
@joao.freitas;@julia.barbosa
@miguel.moraes;@lorena.rocha
@fabio.martins;@quesia.ribeiro
@debora.cardoso94;@bruno.almeida
@sofia.cardoso;@davi
@ana.santos;@samuel.almeida
@davi;@cecilia.gomes
@joao.teixeira;@julia.freitas
@manuela.silva;@theo.moraes15
@leonardo.dias;@quesia.ribeiro
@theo.moraes15;@gustavo.oliveira
@cecilia.dias;@manuela.ribeiro
@zeca.ribeiro;@bruno.barbosa
@matheus.santos;@theo.freitas
@quesia.teixeira;@eva.silva
@manuela.lima;@eva.silva
@rafael.dias;@beatriz.pereira
@xenia.dias;@tiago.silva
@joao.cardoso;@gael.ribeiro13
@arthur.teixeira;@lorena.rocha
@zeca.ribeiro;@gabi
@valentina.rocha;@davi
@julia.freitas;@theo.freitas
@heitor.ramos;@lorena.pereira
@yasmin.costa;@helena.rocha
@quesia.ribeiro;@debora.cardoso94
@joao.cardoso67;@tiago.santos
@ana.costa;@gael.ribeiro13
@valentina.rocha;@mariana.ribeiro
@joao.moraes;@samuel.almeida
@ana.santos;@quesia.dias
@olivia.costa;@wagner.pereira
@matheus.dias;@leonardo.dias30
@matheus.santos;@ana.teixeira
@laura.cardoso62;@ana.santos
@valentina.teixeira;@davi
@vitor.lima;@theo.ribeiro
@davi.silva;@zeca.cardoso
@miguel.freitas;@ursula.cardoso
@lucas.pinto;@zeca.barbosa
@theo.freitas;@theo.martins5
@ana.costa;@matheus.rocha
@wagner.martins;@isabela.cardoso12
@davi.freitas;@ursula.ribeiro
@alice.moraes;@tiago.pereira
@ana.santos;@sofia.costa
@caio.freitas;@davi
@davi;@quesia.rocha
@mariana.pereira81;@heitor.freitas
@cecilia.moraes;@mariana.pereira81
@wagner.freitas;@gustavo.silva
@joao.gomes;@lorena.rocha
@fabio.martins;@gabi.barbosa
@theo.ribeiro;@laura.cardoso62
@samuel.rocha;@eva.silva
@arthur.teixeira;@enzo.santos
@davi;@felipe.oliveira24
@enzo.pinto;@beatriz.souza
@joao.gomes;@tiago.freitas
@davi.silva;@ana.santos
@zeca.barbosa;@theo.freitas
@valentina.souza;@gabi.barbosa
@matheus.santos;@beatriz.souza
@mariana.barbosa;@mariana.gomes
@rafael.pinto;@mariana.pinto
@theo.moraes15;@carla.pinto
@wagner.barbosa;@debora.rocha
@fabio.ramos;@felipe.silva
@yasmin.ribeiro;@arthur.cardoso
@rafael.dias;@heitor.ramos
@julia.moraes60;@davi
@eva.silva;@mariana.pinto
@quesia.dias;@sofia.santos
@gustavo.almeida;@enzo.pinto
@matheus.rocha;@ana.costa
@ana;@valentina.teixeira
@miguel.freitas;@beatriz.pinto
@wagner.pereira;@manuela.ribeiro
@laura.pinto;@livia.freitas
@bruno.freitas;@fabio.ramos
@samuel.moraes92;@alice.freitas4
@debora.cardoso;@tiago.freitas
@olivia.santos;@beatriz.pinto
@samuel.rocha;@debora.rocha
@isabela.cardoso;@miguel.costa
@gustavo.almeida;@joao.cardoso67
@heitor.moraes;@carla.oliveira
@matheus.santos65;@beatriz.pinto
@fabio;@ana
@ana.costa;@eva.silva
@davi.santos21;@felipe.barbosa41
@manuela.ribeiro;@davi.silva
@nicolas.ramos;@nicolas.barbosa
@ana.costa59;@enzo.pinto
@fabio.martins;@theo.moraes15
@lucas.pinto;@joao.martins
@julia.freitas;@theo.moraes15
@theo.martins;@nicolas.barbosa
@beatriz.santos;@cecilia.dias
@felipe.silva;@enzo.pereira
@laura.pinto;@laura.ribeiro41
@nicolas.ramos;@carla
@nicolas.ramos;@pedro.barbosa
@karina.santos;@vitor.lima
@joao.cardoso67;@miguel.costa
@laura.silva;@rafael.silva
@olivia.santos;@samuel.souza
@mariana.pereira81;@matheus.rocha
@carla;@ana.santos
@lorena.rocha;@valentina.cardoso
@tiago.freitas;@samuel.pinto
@samuel.santos;@rafael.silva
@heitor.ramos92;@mariana.pereira81
@fabio.almeida;@samuel.rocha
@theo.freitas;@wagner.pereira
@beatriz.gomes;@laura.pinto
@caio.freitas;@wagner.freitas
@rafael.pinto;@davi
@joao.martins;@heitor.ramos
@arthur.freitas;@theo.martins5
@valentina.cardoso;@matheus.rocha
@matheus.rocha;@manuela.ribeiro
@wagner.martins;@rafael.dias
@rafael.pinto;@samuel.rocha
@gael.ribeiro;@theo.ribeiro
@beatriz.pinto;@matheus.santos
@miguel.pinto;@pedro.barbosa
@yasmin.martins;@cecilia.dias
@nicolas.barbosa;@theo.moraes15
@arthur.teixeira;@helena.lima
@theo.martins;@caio.freitas
@gustavo.almeida;@joao.silva
@zeca.barbosa;@lorena.rocha
@joao.cardoso67;@davi.santos
@debora.rocha;@manuela.almeida
@helena.lima;@mariana.ribeiro
@davi.dias;@laura.cardoso
@mariana.barbosa;@laura.ribeiro41
@ana.costa;@wagner.pereira
@theo.martins;@theo.ribeiro
@laura.martins;@beatriz.santos
@mariana.pereira;@julia.freitas
@davi.dias;@luisa.ramos
@livia.freitas;@joao.teixeira
@ursula.ramos;@nicolas.ramos
@joao.silva;@felipe.barbosa41
@lucas.pinto;@felipe.silva
@julia.moraes;@theo.ribeiro
@fabio.martins;@gabi.ribeiro
@pedro.barbosa;@samuel.souza
@ursula.ribeiro;@beatriz.pereira4
@leonardo.dias30;@miguel.freitas
@bernardo.dias;@heitor.freitas
@matheus.santos;@laura.cardoso62
@laura.pereira;@debora.ramos
@laura.ribeiro;@theo.freitas
@ursula.teixeira;@bruno.barbosa
@carla.oliveira;@felipe.barbosa41
@leonardo.dias;@mariana.almeida
@quesia.teixeira64;@ana.santos
@mariana.ribeiro;@isabela.cardoso12
@tiago.pereira;@enzo.pinto
@miguel.moraes;@theo.moraes15
@yasmin.almeida;@isabela.ramos
@wagner.souza;@miguel.pinto54
@lorena.rocha;@carla.oliveira
@manuela.ribeiro;@joao.gomes
@fabio.santos;@mariana.almeida
@matheus.santos65;@wagner.pereira46
@gabi.pinto;@manuela.ribeiro
@manuela.silva;@zeca.cardoso
@laura.pinto;@sofia.costa
@beatriz.santos;@rafael.pinto
@leonardo.dias30;@pedro.barbosa
@gael.ribeiro;@theo.moraes15
@joao.cardoso67;@davi.silva
@beatriz.gomes;@mariana.barbosa
@lucas.barbosa;@vitor.lima
@sofia.teixeira;@julia.rocha
@rafael.pinto17;@joao.martins
@manuela.almeida;@rafael.pinto62
@quesia.rocha;@joao.cardoso67
@heitor.rocha;@gustavo.almeida
@theo.martins5;@beatriz.pinto
@alice.freitas4;@davi.dias
@matheus.ramos;@beatriz.santos
@laura.silva;@valentina.teixeira
@leonardo.dias30;@bernardo.martins
@cecilia.moraes;@laura.ribeiro
@alice.moraes;@samuel.pinto
@debora.rocha;@nicolas.gomes
@cecilia.dias;@nicolas.cardoso
@manuela.gomes;@helena.gomes
@beatriz.pinto;@laura.martins
@joao.gomes;@theo.moraes15
@ursula.ribeiro;@beatriz.almeida
@nicolas.martins;@gabi
@lucas.barbosa;@nicolas.gomes
@heitor.freitas;@ana.costa
@felipe.oliveira;@theo.moraes15
@valentina.teixeira;@theo.moraes15
@sofia.teixeira;@bruno.freitas
@mariana.almeida;@gael.ribeiro
@joao.cardoso67;@yasmin.almeida
@livia.gomes;@theo.cardoso
@pedro.silva;@theo.moraes15
@joao.gomes;@gustavo.costa
@julia.freitas;@joao.martins
@carla.oliveira;@wagner.pereira
@helena.freitas;@yasmin.ribeiro
@arthur.barbosa;@theo.ribeiro
@olivia.ramos;@sofia.costa
@joao.freitas;@samuel.santos
@fabio.pinto;@theo.moraes
@laura.martins;@rafael.pinto17
@bruno;@arthur.freitas
@theo.ribeiro;@zeca.cardoso
@pedro.barbosa;@zeca.cardoso
@ursula.teixeira;@samuel.dias
@rafael.pinto17;@fabio.pinto
@arthur.barbosa;@davi
@beatriz.gomes;@samuel.pinto
@felipe.oliveira;@ana.santos
@matheus.rocha;@laura.ribeiro41
@julia.rocha;@valentina.silva
@carla;@wagner.pereira
@fabio.almeida;@sofia.rocha
@pedro.barbosa;@laura.oliveira
@ursula.ribeiro;@valentina.rocha
@manuela.ribeiro;@davi.santos21
@nicolas.barbosa;@joao.martins
@davi.santos;@vitor.lima
@valentina.teixeira;@bernardo.dias
@wagner.barbosa;@arthur.santos
@wagner.souza;@valentina.cardoso
@theo.ribeiro;@miguel.pinto54
@carla.pereira;@theo.ribeiro
@rafael.dias;@carla.oliveira
@gabi.ribeiro;@theo.moraes15
@bruno.freitas;@cecilia.dias
@laura.pinto;@ursula.ribeiro
@laura.pinto;@pedro.barbosa
@nicolas.gomes;@zeca.cardoso
@isabela.ramos;@davi
@samuel.almeida;@mariana.pereira81
@wagner.souza;@mariana.ribeiro
@debora.dias;@fabio.ramos
@wagner.pereira46;@manuela.lima
@beatriz.pereira4;@eva.silva
@manuela.ribeiro;@cecilia.gomes
@wagner.barbosa;@manuela.almeida
@laura.cardoso62;@ursula.teixeira
@ana.santos;@theo.ribeiro
@joao.silva;@miguel.costa
@laura.ribeiro41;@beatriz.pinto
@julia.rocha;@sofia.teixeira23
@gustavo.oliveira;@bernardo.silva
@gabi.ribeiro;@pedro.barbosa
@julia.rocha;@ana.santos
@lorena.pereira;@laura.ribeiro
@helena.freitas;@eva.silva
@manuela.almeida;@joao.freitas
@lorena.moraes;@beatriz.pinto
@theo.moraes;@fabio.martins
@julia.barbosa;@arthur.barbosa
@joao.cardoso;@tiago.pereira
@tiago.silva;@julia.barbosa
@sofia.teixeira23;@matheus.santos
@felipe.silva;@bruno.freitas
@heitor.freitas;@eva.silva
@nicolas.gomes;@manuela.ribeiro
@enzo.rocha;@theo.moraes15
@beatriz.pereira;@nicolas.martins
@mariana.pereira81;@manuela.gomes
@wagner.freitas;@mariana.pereira81
@carla.freitas;@davi.freitas
@bernardo.martins;@isabela.freitas46
@bernardo.silva;@julia.rocha
@ursula.freitas;@lorena.rocha
@valentina.teixeira;@laura.cardoso62
@arthur.teixeira;@theo.cardoso
@rafael.dias;@theo.moraes15
@caio.freitas;@carla.pereira
@sofia.santos;@beatriz.gomes
@enzo.pereira;@tiago.santos
@gabi.pinto;@theo.ribeiro
@yasmin.ribeiro;@lorena.rocha
@laura.ribeiro;@cecilia.dias
@joao.cardoso;@heitor.ramos
@theo.moraes15;@valentina.rocha
@lorena.pereira;@enzo.pinto
@livia.gomes;@enzo.pinto
@theo.moraes15;@heitor.souza
@nicolas.cardoso;@matheus.santos
@tiago.silva;@laura.cardoso
@pedro.barbosa;@miguel.costa
@manuela.gomes;@carla
@isabela.cardoso12;@theo.ribeiro
@leonardo.dias30;@nicolas.freitas
@mariana.barbosa;@nicolas.martins
@gabi.barbosa;@bernardo.dias
@julia.oliveira;@samuel.dias
@julia.barbosa;@alice.ribeiro
@sofia.cardoso;@mariana.almeida
@arthur.barbosa;@mariana.pereira81
@beatriz.santos;@mariana.pereira81
@rafael.pinto17;@davi.dias
@eva.silva;@samuel.santos
@ana.santos;@quesia.teixeira
@luisa.ramos;@gustavo.oliveira
@mariana.pereira81;@joao.silva
@ana.teixeira;@eva.silva
@debora.rocha;@samuel.rocha
@wagner.pereira46;@manuela.almeida
@isabela.cardoso;@arthur.cardoso
@matheus.rocha;@enzo.pereira
@bernardo.martins;@nicolas.martins
@zeca.cardoso;@isabela.cardoso
@manuela.ribeiro;@miguel.costa
@ana.santos;@julia.moraes
@samuel.souza;@olivia.santos
@davi.santos;@arthur.teixeira
@isabela.cardoso;@sofia.rocha21
@theo.martins;@samuel.pinto
@rafael.silva;@helena.lima
@eva.ribeiro;@manuela.ribeiro
@carla;@ana
@gabi.ribeiro;@livia.gomes
@sofia.cardoso;@nicolas.freitas
@arthur.barbosa;@theo.moraes15
@theo.moraes15;@heitor.rocha
@isabela.cardoso12;@felipe.barbosa41
@enzo.pinto;@isabela.cardoso12
@gustavo.oliveira;@matheus.santos
@wagner.pereira;@laura.silva
@matheus.dias;@mariana.pereira81
@isabela.cardoso;@samuel.almeida
@laura.oliveira;@mariana.pereira81
@ana.santos;@julia.rocha
@yasmin.ribeiro;@felipe.oliveira24
@laura.cardoso;@manuela.ribeiro
@joao.cardoso67;@theo.cardoso
@davi.santos;@fabio.pinto
@julia.moraes;@laura.silva
@davi;@pedro.silva
@mariana.pereira81;@laura.oliveira
@heitor.rocha;@samuel.souza
@bernardo.martins;@enzo.rocha
@lorena.rocha;@livia.teixeira
@laura.martins;@nicolas.barbosa
@valentina.teixeira;@eva.silva
@theo.ribeiro;@bruno
@quesia.ribeiro;@laura.pereira
@gabi.pinto;@nicolas.freitas
@joao.cardoso;@theo.moraes15
@joao.cardoso67;@valentina.cardoso
@samuel.dias;@felipe.barbosa41
@arthur.ramos;@nicolas.freitas
@quesia.dias;@miguel.freitas
@carla.pinto;@xenia.teixeira
@theo.ribeiro;@xenia.teixeira
@valentina.cardoso;@theo.freitas
@fabio.santos;@ana.santos
@samuel.rocha;@miguel.moraes
@ursula.freitas;@livia.gomes
@nicolas.freitas;@eva.silva
@debora.cardoso94;@gabi
@laura.oliveira;@wagner.souza
@carla.pereira;@livia.gomes
@samuel.dias;@arthur.santos
@miguel.pinto;@enzo.rocha
@ursula.cardoso;@enzo.pinto
@bruno;@debora.ramos
@quesia.ribeiro;@miguel.freitas
@arthur.teixeira;@theo.martins
@tiago.pereira;@beatriz.almeida
@tiago.freitas;@theo.ribeiro
@bruno.freitas;@zeca.cardoso
@enzo.pereira;@miguel.freitas
@laura.cardoso62;@manuela.gomes
@pedro.barbosa;@heitor.moraes
@livia.costa;@debora.rocha
@carla.pinto7;@theo.martins
@leonardo.dias;@davi
@felipe.silva;@pedro.barbosa
@ana.teixeira;@matheus.santos
@beatriz.pereira4;@theo.moraes15
@manuela.lima;@pedro.barbosa
@alice.ribeiro;@gabi
@felipe.silva;@theo.ribeiro
@enzo.rocha;@joao.moraes
@carla.oliveira;@mariana.pereira81
@gustavo.pinto;@davi
@olivia.ramos;@yasmin.costa
@theo.moraes15;@nicolas.barbosa
@bernardo.dias13;@matheus.santos65
@samuel.pinto;@gustavo.oliveira
@valentina.teixeira;@bruno
@joao.moraes;@davi
@eva.ribeiro;@theo.moraes
@rafael.pinto62;@helena.freitas
@theo.ribeiro;@caio.barbosa
@matheus.santos;@quesia.ribeiro
@heitor.freitas;@theo.cardoso
@matheus.rocha;@samuel.pinto
@miguel.moraes;@ursula.cardoso
@eva.silva;@samuel.souza
@nicolas.cardoso;@julia.freitas
@bruno.barbosa;@helena.lima
@beatriz.pereira;@helena.lima
@ana.santos;@yasmin.costa
@enzo.pereira;@sofia.santos39
@eva.silva;@pedro.silva
@felipe.oliveira;@joao.cardoso
@heitor.freitas;@rafael.pinto
@beatriz.pereira;@theo.moraes15
@matheus.dias;@theo.ribeiro
@theo.freitas;@lorena.rocha
@ursula.ribeiro;@lorena.rocha
@julia.rocha;@quesia.ribeiro
@quesia.ribeiro;@lorena.moraes
@laura.pereira;@quesia.ribeiro
@zeca.barbosa;@theo.moraes15
@ursula.cardoso;@lorena.rocha
@arthur.cardoso;@zeca.ribeiro
@olivia.ramos;@cecilia.dias
@tiago.silva;@pedro.barbosa
@mariana.pereira81;@heitor.ramos92
@rafael.silva;@mariana.gomes
@debora.cardoso94;@theo.ribeiro
@ana.teixeira;@beatriz.almeida
@leonardo.ramos;@heitor.ramos92
@gustavo.costa;@wagner.freitas
@laura.pereira;@zeca.cardoso
@ana.costa59;@joao.gomes
@sofia.costa;@zeca.cardoso
@wagner.freitas;@lucas.barbosa
@nicolas.barbosa;@carla.oliveira
@theo.moraes15;@mariana.pereira
@bruno.barbosa;@pedro.silva
@beatriz.pinto;@rafael.dias
@luisa.almeida;@julia.moraes60
@heitor.freitas;@mariana.pereira81
@wagner.freitas;@mariana.pinto
@mariana.pereira;@lorena.rocha
@wagner.martins;@bernardo.dias
@debora.dias;@cecilia.dias
@beatriz.pereira;@pedro.barbosa
@joao.cardoso;@fabio
@ana;@zeca.cardoso
@debora.dias;@wagner.martins
@manuela.almeida;@samuel.dias
@rafael.dias;@yasmin.ribeiro
@eva;@theo.ribeiro
@sofia.santos39;@sofia.rocha21
@gustavo.oliveira;@enzo.santos
@cecilia.dias;@manuela.silva
@samuel.souza;@laura.cardoso62
@carla.pinto;@joao.moraes
@davi.santos21;@manuela.ribeiro
@laura.ribeiro;@enzo.pereira
@gabi.pinto;@wagner.pereira46
@bernardo.dias13;@eva
@isabela.pereira;@theo.ribeiro
@livia.teixeira;@bruno.barbosa
@eva.silva;@xenia.teixeira
@livia.costa;@theo.ribeiro
@theo.freitas;@quesia.ribeiro
@felipe.barbosa41;@gabi
@samuel.rocha;@cecilia.dias
@davi;@gustavo.pinto
@leonardo.dias;@theo.ribeiro
@pedro.silva;@wagner.freitas
@leonardo.dias30;@zeca.cardoso
@bruno;@matheus.rocha
@fabio.santos;@wagner.souza
@felipe.barbosa;@zeca.ribeiro
@joao.freitas;@nicolas.freitas
@beatriz.santos;@theo.ribeiro
@sofia.teixeira;@theo.moraes15
@beatriz.souza;@valentina.teixeira
@matheus.dias;@nicolas.gomes
@ursula.cardoso;@gael.ribeiro
@bruno.freitas;@sofia.teixeira
@olivia.ramos;@beatriz.souza
@ursula.cardoso;@wagner.freitas
@yasmin.ribeiro;@manuela.gomes
@theo.moraes15;@sofia.teixeira
@rafael.pinto17;@quesia.ribeiro
@zeca.cardoso;@alice.ribeiro
@lorena.rocha;@samuel.rocha
@miguel.freitas;@fabio.almeida
@beatriz.santos;@felipe.oliveira
@debora.dias;@davi
@matheus.dias;@sofia.santos
@yasmin.costa;@gustavo.costa
@manuela.silva;@xenia.teixeira
@leonardo.dias30;@bruno.barbosa
@carla.oliveira;@gabi
@yasmin.costa;@matheus.santos
@joao.martins;@pedro.barbosa
@mariana.gomes;@enzo.pinto
@laura.pinto;@quesia.rocha
@matheus.ramos;@davi
@julia.moraes;@mariana.almeida
@samuel.almeida;@nicolas.martins
@bruno.barbosa;@olivia.santos
@miguel.pinto;@helena.freitas
@enzo.pinto;@pedro.silva
@lucas.pinto;@valentina.cardoso
@valentina.teixeira;@wagner.pereira46
@gustavo.almeida;@mariana.pereira81
@julia.freitas;@davi
@miguel.pinto54;@mariana.ribeiro
@carla.pinto;@joao.cardoso67
@joao.silva;@wagner.souza
@gael.ribeiro;@rafael.dias
@gustavo.almeida;@mariana.pereira
@gabi.barbosa;@manuela.lima
@theo.freitas;@arthur.santos
@sofia.cardoso;@laura.martins
@theo.moraes87;@beatriz.gomes
@debora.rocha;@theo.moraes15
@bernardo.dias;@gustavo.almeida
@carla.oliveira;@quesia.teixeira64
@wagner.barbosa;@quesia.rocha
@bruno.freitas;@theo.ribeiro
@laura.pinto;@isabela.cardoso12
@sofia.santos39;@vitor.lima
@sofia.santos;@beatriz.souza
@miguel.moraes;@nicolas.barbosa
@xenia.dias;@mariana.gomes
@heitor.rocha;@mariana.pereira81
@sofia.rocha;@debora.ramos
@isabela.pereira;@felipe.silva
@arthur.freitas;@nicolas.barbosa
@olivia.santos;@valentina.teixeira
@manuela.ribeiro;@wagner.freitas
@davi.dias;@alice.freitas4
@manuela.silva;@cecilia.dias
@sofia.cardoso;@sofia.teixeira
@manuela.ribeiro;@matheus.santos
@mariana.martins;@eva.silva
@samuel.moraes;@joao.gomes
@beatriz.almeida;@laura.martins
@zeca.barbosa;@gustavo.silva
@beatriz.pinto;@matheus.santos65
@arthur.freitas;@nicolas.ramos
@nicolas.gomes;@rafael.pinto
@mariana.pereira;@manuela.ribeiro
@miguel.freitas;@quesia.dias
@livia.teixeira;@laura.pereira
@wagner.freitas;@davi.silva
@matheus.santos65;@mariana.pinto
@rafael.silva;@manuela.gomes
@leonardo.dias;@mariana.pereira81
@matheus.santos65;@eva.silva
@arthur.ramos;@theo.ribeiro
@heitor.moraes;@xenia.teixeira
@mariana.pinto;@xenia.teixeira
@julia.freitas;@gabi
@yasmin.martins;@yasmin.ribeiro
@theo.moraes15;@arthur.cardoso
@heitor.ramos92;@manuela.almeida
@joao.silva;@lorena.rocha
@matheus.dias;@isabela.cardoso
@matheus.santos65;@alice.freitas4
@eva.silva;@yasmin.ribeiro
@manuela.lima;@bernardo.dias13
@mariana.pereira;@helena.gomes
@beatriz.almeida;@cecilia.moraes
@laura.ribeiro41;@theo.ribeiro
@pedro.silva;@lucas.pinto
@enzo.rocha;@debora.ramos
@lucas.barbosa;@wagner.freitas
@carla.freitas;@ana.costa59
@rafael.silva;@debora.rocha
@bruno.silva;@eva.ribeiro
@debora.cardoso;@mariana.almeida
@gabi.barbosa;@valentina.teixeira
@quesia.ribeiro;@gustavo.almeida
@theo.moraes87;@valentina.teixeira
@theo.ribeiro;@ursula.ramos
@wagner.barbosa;@sofia.santos
@debora.ramos;@livia.teixeira
@mariana.pinto;@theo.moraes15
@tiago.santos;@enzo.rocha
@manuela.ribeiro;@theo.freitas
@tiago.santos;@alice.freitas
@enzo.rocha;@ursula.freitas
@tiago.silva;@theo.moraes
@sofia.rocha21;@manuela.gomes
@davi.freitas;@davi
@gabi.ribeiro;@theo.freitas
@ana.teixeira;@mariana.pinto
@manuela.rocha;@samuel.santos
@manuela.almeida;@livia.teixeira
@gabi.barbosa;@wagner.pereira
@ana.teixeira;@davi
@fabio.almeida;@wagner.martins
@eva;@leonardo.ramos
@gustavo.costa;@julia.oliveira
@joao.cardoso67;@arthur.freitas
@bruno.freitas;@nicolas.cardoso
@manuela.ribeiro;@theo.ribeiro
@gustavo.silva;@valentina.souza
@samuel.souza;@joao.martins
@felipe.barbosa41;@theo.moraes
@valentina.teixeira;@olivia.costa
@valentina.souza;@carla
@isabela.cardoso12;@mariana.almeida
@gabi.barbosa;@zeca.cardoso
@quesia.ribeiro;@zeca.cardoso
@miguel.costa;@mariana.martins
@matheus.rocha;@zeca.cardoso
@julia.rocha;@isabela.freitas46
@joao.cardoso67;@fabio.martins
@manuela.ribeiro;@luisa.almeida
@mariana.pereira81;@davi
@caio.freitas;@mariana.pereira81
@miguel.pinto;@mariana.pereira81
@samuel.almeida;@davi
@mariana.gomes;@theo.ribeiro
@alice.ribeiro;@mariana.almeida
@zeca.ribeiro;@quesia.ribeiro
@laura.oliveira;@bruno.barbosa
@ursula.cardoso;@arthur.teixeira
@arthur.freitas;@arthur.santos
@rafael.pinto;@isabela.cardoso12
@heitor.ramos92;@leonardo.ramos
@theo.ribeiro;@gustavo.oliveira
@laura.cardoso62;@helena.lima
@wagner.barbosa;@rafael.pinto
@davi;@mariana.pinto
@felipe.silva;@julia.moraes
@theo.freitas;@enzo.pinto
@ana.teixeira;@gael.ribeiro
@rafael.pinto17;@nicolas.gomes
@beatriz.pinto;@davi.dias
@yasmin.ribeiro;@sofia.rocha21
@manuela.almeida;@felipe.barbosa41
@pedro.barbosa;@samuel.moraes
@lorena.moraes;@gustavo.almeida
@sofia.rocha21;@theo.ribeiro
@theo.ribeiro;@julia.barbosa
@theo.martins5;@leonardo.dias
@gustavo.almeida;@lorena.moraes
@beatriz.gomes;@mariana.martins
@joao.moraes;@mariana.pereira81
@ana.ramos;@miguel.pinto54
@samuel.santos;@olivia.ramos
@mariana.pereira81;@samuel.almeida
@theo.martins5;@heitor.ramos
@heitor.ramos92;@sofia.rocha
@lorena.moraes;@pedro.barbosa
@cecilia.gomes;@theo.ribeiro
@cecilia.dias;@wagner.pereira46
@ana.costa;@samuel.dias
@debora.rocha;@sofia.costa
@wagner.pereira;@miguel.freitas
@ursula.freitas;@theo.ribeiro
@mariana.pereira81;@nicolas.cardoso
@davi;@samuel.almeida
@ana;@gabi
@beatriz.pinto;@miguel.moraes
@arthur.teixeira;@sofia.teixeira23
@leonardo.ramos;@julia.moraes
@manuela.ribeiro;@matheus.rocha
@manuela.ribeiro;@yasmin.martins
@ursula.ramos;@livia.gomes
@samuel.moraes92;@enzo.pinto
@arthur.freitas;@livia.teixeira
@theo.freitas;@carla.pinto
@tiago.freitas;@fabio.santos
@joao.teixeira;@quesia.ribeiro
@yasmin.almeida;@valentina.silva
@ana.costa59;@yasmin.almeida
@arthur.teixeira;@theo.ribeiro
@sofia.costa;@beatriz.almeida
@davi.silva;@enzo.rocha
@leonardo.dias30;@arthur.ramos
@leonardo.ramos;@caio.barbosa
@livia.gomes;@theo.moraes15
@theo.moraes87;@theo.moraes15
@mariana.gomes;@sofia.costa
@zeca.ribeiro;@sofia.costa
@leonardo.dias;@eva.silva
@lorena.rocha;@zeca.cardoso
@felipe.barbosa41;@mariana.pereira81
@debora.ramos;@enzo.pinto
@rafael.pinto62;@matheus.santos
@caio.freitas;@nicolas.martins
@quesia.teixeira64;@zeca.ribeiro
@carla.oliveira;@davi.silva
@samuel.almeida;@joao.cardoso67
@quesia.ribeiro;@karina.santos
@yasmin.almeida;@laura.ribeiro
@bruno.freitas;@pedro.barbosa
@beatriz.pereira4;@beatriz.pinto
@lorena.rocha;@arthur.barbosa
@carla.pinto;@debora.ramos
@laura.martins;@rafael.pinto62
@laura.martins;@felipe.oliveira
@lorena.moraes;@mariana.pereira81
@ana.teixeira;@tiago.santos
@wagner.martins;@fabio.almeida
@quesia.dias;@carla.pinto
@arthur.cardoso;@arthur.santos
@vitor.lima;@davi
@helena.gomes;@sofia.teixeira23
@ana.ramos;@theo.ribeiro
@joao.martins;@quesia.teixeira64
@lorena.rocha;@theo.freitas
@miguel.freitas;@theo.ribeiro
@samuel.dias;@beatriz.gomes
@bernardo.martins;@alice.freitas4
@fabio.martins;@arthur.freitas
@davi.dias;@carla.oliveira
@enzo.rocha;@livia.costa
@miguel.pinto54;@theo.ribeiro
@heitor.freitas;@theo.ribeiro
@leonardo.dias;@heitor.ramos
@debora.rocha;@gael.ribeiro13
@xenia.dias;@quesia.ribeiro
@mariana.gomes;@felipe.oliveira
@yasmin.ribeiro;@theo.freitas
@zeca.ribeiro;@davi
@sofia.rocha21;@quesia.teixeira
@arthur.barbosa;@wagner.pereira
@isabela.cardoso12;@samuel.dias
@matheus.santos;@felipe.oliveira
@joao.martins;@joao.teixeira
@matheus.santos65;@julia.freitas
@yasmin.almeida;@ana.costa
@samuel.pinto;@theo.ribeiro
@wagner.pereira;@miguel.pinto54
@debora.ramos;@mariana.pinto
@helena.rocha;@wagner.pereira
@theo.moraes87;@sofia.santos
@debora.ramos;@yasmin.ribeiro
@ana.costa;@laura.ribeiro
@carla.oliveira;@zeca.barbosa
@laura.pereira;@samuel.pinto
@mariana.pereira81;@ana.costa
@quesia.ribeiro;@leonardo.dias
@rafael.silva;@enzo.pinto
@miguel.freitas;@mariana.almeida
@heitor.ramos;@gustavo.costa
@isabela.freitas46;@sofia.cardoso
@julia.moraes;@matheus.santos
@joao.martins;@davi
@beatriz.pinto;@zeca.ribeiro
@julia.moraes60;@arthur.cardoso
@laura.martins;@samuel.dias
@pedro.barbosa;@valentina.silva
@felipe.barbosa;@fabio.ramos
@felipe.barbosa41;@davi.santos21
@ursula.teixeira;@zeca.barbosa
@lorena.moraes;@alice.freitas
@luisa.almeida;@beatriz.almeida
@joao.martins;@isabela.pereira
@laura.pinto;@ursula.cardoso
@laura.ribeiro41;@nicolas.ramos
@isabela.cardoso;@ana.costa
@xenia.dias;@theo.moraes15
@joao.freitas;@theo.moraes15
@isabela.cardoso12;@yasmin.costa
@laura.martins;@quesia.ribeiro
@miguel.pinto;@olivia.costa
@carla.martins;@enzo.pinto
@gabi.pinto;@samuel.rocha
@cecilia.dias;@heitor.freitas
@wagner.souza;@laura.oliveira
@mariana.pinto;@nicolas.ramos
@sofia.costa;@davi.santos
@laura.pereira;@lorena.rocha
@theo.moraes15;@joao.martins
@samuel.almeida;@zeca.barbosa
@tiago.santos;@leonardo.dias
@yasmin.almeida;@xenia.pinto
@samuel.almeida;@gustavo.oliveira
@joao.freitas;@beatriz.santos
@julia.freitas;@valentina.teixeira
@theo.cardoso;@enzo.pereira
@enzo.pereira;@theo.ribeiro
@davi.santos;@quesia.ribeiro
@laura.ribeiro;@bernardo.dias
@theo.moraes15;@debora.rocha
@sofia.teixeira;@miguel.moraes
@davi.santos;@enzo.rocha
@yasmin.almeida;@lorena.rocha
@quesia.teixeira;@debora.rocha
@davi;@fabio
@beatriz.gomes;@laura.ribeiro41
@eva;@fabio.ramos
@laura.cardoso;@davi
@ursula.cardoso;@nicolas.cardoso
@eva.silva;@beatriz.santos
@julia.rocha;@eva.silva
@beatriz.gomes;@lucas.barbosa
@miguel.freitas;@nicolas.barbosa
@wagner.souza;@manuela.ribeiro
@samuel.santos;@theo.freitas
@gabi.barbosa;@bruno
@arthur.ramos;@wagner.pereira
@wagner.pereira;@gael.ribeiro
@ursula.teixeira;@carla.pereira
@miguel.freitas;@joao.freitas
@beatriz.pinto;@bernardo.dias
@sofia.santos;@eva.silva
@samuel.almeida;@theo.moraes87
@felipe.oliveira24;@isabela.ramos
@leonardo.ramos;@wagner.pereira
@samuel.moraes;@miguel.costa
@isabela.cardoso;@laura.ribeiro
@beatriz.pinto;@nicolas.freitas
@yasmin.almeida;@rafael.dias
@samuel.almeida;@joao.gomes
@ana.ramos;@enzo.pinto
@bruno.freitas;@carla.pinto
@isabela.pereira;@quesia.teixeira64
@joao.moraes;@arthur.teixeira
@quesia.ribeiro;@sofia.teixeira
@joao.moraes;@miguel.costa
@bernardo.martins;@samuel.rocha
@debora.ramos;@wagner.souza
@ursula.ribeiro;@theo.ribeiro
@joao.cardoso67;@leonardo.ramos
@debora.rocha;@pedro.barbosa
@arthur.santos;@enzo.pinto
@ursula.freitas;@theo.moraes15
@nicolas.barbosa;@theo.ribeiro
@bernardo.silva;@theo.ribeiro
@cecilia.dias;@laura.ribeiro
@leonardo.dias;@carla
@zeca.cardoso;@quesia.ribeiro
@beatriz.almeida;@debora.rocha
@lucas.pinto;@fabio.martins
@ana.teixeira;@valentina.teixeira
@gustavo.pinto;@ursula.teixeira
@quesia.dias;@bernardo.silva
@sofia.santos39;@enzo.pinto
@manuela.almeida;@julia.moraes60
@zeca.barbosa;@quesia.ribeiro
@laura.pinto;@samuel.almeida
@isabela.ramos;@manuela.gomes
@theo.moraes15;@beatriz.pinto
@bruno.silva;@zeca.cardoso
@ursula.teixeira;@valentina.souza
@theo.ribeiro;@cecilia.dias
@helena.rocha;@alice.freitas4
@cecilia.dias;@matheus.rocha
@julia.moraes;@theo.moraes87
@eva.silva;@quesia.ribeiro
@lucas.pinto;@davi.dias
@mariana.ribeiro;@xenia.pinto
@rafael.pinto;@rafael.dias
@carla.pinto;@enzo.pinto
@bernardo.martins;@laura.pereira
@mariana.gomes;@davi
@alice.freitas;@valentina.cardoso
@mariana.pinto;@ana.teixeira
@enzo.rocha;@beatriz.souza
@leonardo.dias30;@samuel.pinto
@zeca.barbosa;@valentina.teixeira
@matheus.rocha;@enzo.rocha
@livia.costa;@enzo.pereira
@olivia.freitas;@davi
@laura.cardoso62;@beatriz.pinto
@ana.costa;@gustavo.almeida
@matheus.santos;@gael.ribeiro13
@eva;@ana
@livia.gomes;@miguel.costa
@joao.martins;@samuel.souza
@beatriz.souza;@wagner.freitas
@samuel.pinto;@wagner.martins
@ana.costa59;@davi
@yasmin.ribeiro;@davi
@caio.freitas;@theo.ribeiro
@davi.santos;@enzo.pinto
@livia.costa;@helena.gomes
@tiago.pereira;@nicolas.freitas
@lucas.barbosa;@lorena.rocha
@joao.silva;@enzo.pinto
@joao.martins;@enzo.rocha
@rafael.pinto17;@alice.freitas
@samuel.almeida;@alice.freitas
@fabio.santos;@ursula.freitas
@tiago.pereira;@theo.moraes15
@ana.costa;@bruno.freitas
@tiago.freitas;@alice.moraes
@felipe.barbosa41;@samuel.pinto
@vitor.lima;@karina.santos
@arthur.barbosa;@eva.silva
@ana.costa;@davi
@alice.freitas;@ursula.ramos
@mariana.pereira81;@ursula.cardoso
@ana.costa;@heitor.freitas
@julia.moraes;@carla.pereira
@sofia.santos;@laura.martins
@eva.silva;@quesia.teixeira
@matheus.santos;@nicolas.freitas
@bruno;@mariana.martins
@manuela.almeida;@joao.cardoso
@wagner.freitas;@yasmin.ribeiro
@miguel.costa;@gabi
@cecilia.dias;@samuel.rocha
@olivia.costa;@heitor.souza
@joao.freitas;@quesia.rocha
@laura.ribeiro41;@fabio.pinto
@beatriz.souza;@theo.moraes
@felipe.barbosa;@theo.moraes15
@olivia.santos;@ana.costa59
@theo.martins;@theo.moraes15
@joao.freitas;@samuel.souza
@olivia.santos;@isabela.cardoso
@arthur.freitas;@bruno
@ursula.freitas;@zeca.cardoso
@mariana.almeida;@theo.moraes15
@lorena.rocha;@matheus.dias
@yasmin.ribeiro;@theo.moraes15
@beatriz.pinto;@livia.gomes
@samuel.dias;@yasmin.costa
@laura.ribeiro41;@felipe.oliveira24
@arthur.freitas;@fabio
@matheus.dias;@lorena.rocha
@matheus.santos65;@sofia.santos
@arthur.santos;@julia.freitas
@joao.freitas;@theo.freitas
@arthur.santos;@enzo.santos
@felipe.oliveira;@arthur.teixeira
@julia.rocha;@eva.ribeiro
@helena.rocha;@alice.moraes
@mariana.almeida;@olivia.freitas
@miguel.pinto54;@manuela.ribeiro
@joao.cardoso;@davi.santos21
@davi;@eva.silva
@samuel.moraes92;@theo.moraes87
@ursula.cardoso;@mariana.pereira81
@laura.oliveira;@karina.santos
@eva;@beatriz.santos
@sofia.rocha;@matheus.santos
@enzo.rocha;@fabio.santos
@beatriz.almeida;@nicolas.martins
@valentina.silva;@theo.cardoso
@theo.moraes87;@alice.ribeiro
@isabela.cardoso12;@joao.cardoso67
@manuela.ribeiro;@carla.pereira
@miguel.pinto;@matheus.santos65
@samuel.dias;@davi
@enzo.pinto;@davi.silva
@lorena.rocha;@ursula.cardoso
@olivia.ramos;@theo.ribeiro
@bernardo.martins;@caio.barbosa
@mariana.pereira81;@lorena.pereira
@beatriz.pereira;@manuela.almeida
@rafael.pinto17;@lorena.rocha
@ana;@matheus.santos
@beatriz.gomes;@sofia.cardoso
@theo.ribeiro;@isabela.freitas
@enzo.pinto;@samuel.moraes92
@rafael.pinto17;@julia.freitas
@laura.oliveira;@arthur.teixeira
@felipe.barbosa41;@joao.teixeira
@enzo.rocha;@theo.ribeiro
@fabio.almeida;@ursula.teixeira
@sofia.cardoso;@joao.martins
@lorena.moraes;@carla.pereira
@davi.santos;@matheus.santos
@arthur.cardoso;@livia.gomes
@carla.pinto;@ana.ramos
@debora.ramos;@felipe.oliveira
@isabela.ramos;@bernardo.dias13
@laura.cardoso;@pedro.barbosa
@joao.martins;@karina.santos
@sofia.costa;@eva.silva
@olivia.costa;@ursula.ribeiro
@miguel.freitas;@debora.rocha
@ursula.teixeira;@enzo.pereira
@fabio.almeida;@eva.silva
@carla;@gabi
@miguel.pinto;@bernardo.dias
@laura.pereira;@xenia.teixeira
@laura.ribeiro41;@enzo.rocha
@lucas.pinto;@alice.freitas
@davi.dias;@davi
@nicolas.martins;@theo.moraes
@matheus.santos;@nicolas.ramos
@nicolas.freitas;@debora.cardoso
@yasmin.ribeiro;@isabela.freitas46
@isabela.ramos;@theo.martins5
@valentina.silva;@leonardo.ramos
@ana.costa;@zeca.cardoso
@tiago.santos;@theo.ribeiro
@bruno;@fabio.martins
@eva.ribeiro;@quesia.ribeiro
@quesia.ribeiro;@julia.oliveira
@samuel.dias;@manuela.almeida
@mariana.gomes;@davi.santos
@livia.gomes;@enzo.rocha
@helena.freitas;@alice.ribeiro
@manuela.ribeiro;@valentina.teixeira
@quesia.teixeira64;@felipe.barbosa41
@theo.ribeiro;@ana.santos
@laura.oliveira;@davi
@mariana.pereira81;@theo.moraes15
@livia.teixeira;@nicolas.gomes
@davi.santos;@davi
@laura.pereira;@heitor.moraes
@davi;@ursula.ramos
@lucas.pinto;@sofia.santos39
@manuela.silva;@vitor.lima
@nicolas.barbosa;@debora.cardoso94
@nicolas.freitas;@theo.cardoso
@nicolas.freitas;@matheus.santos
@enzo.rocha;@enzo.pinto
@arthur.santos;@felipe.barbosa41
@laura.silva;@wagner.pereira
@laura.pinto;@beatriz.gomes
@gael.ribeiro;@arthur.ramos
@ana.ramos;@pedro.barbosa
@isabela.pereira;@joao.martins
@julia.moraes;@nicolas.freitas
@joao.cardoso;@julia.oliveira
@livia.costa;@laura.oliveira
@matheus.rocha;@mariana.barbosa
@davi;@manuela.rocha
@mariana.gomes;@manuela.ribeiro
@miguel.moraes;@theo.ribeiro
@gustavo.oliveira;@carla.pereira
@yasmin.martins;@bruno.silva
@sofia.costa;@lorena.rocha
@matheus.dias;@caio.freitas
@arthur.santos;@fabio.almeida
@beatriz.gomes;@arthur.cardoso
@tiago.silva;@ana.costa59
@bernardo.dias;@miguel.pinto
@fabio.ramos;@fabio.pinto
@matheus.santos65;@beatriz.souza
@beatriz.pinto;@mariana.pereira81
@wagner.barbosa;@wagner.freitas
@carla.oliveira;@mariana.barbosa
@quesia.dias;@ana.santos
@carla.martins;@pedro.barbosa
@davi;@arthur.cardoso
@matheus.santos;@theo.moraes15
@davi.santos;@olivia.santos
@debora.ramos;@matheus.santos
@wagner.martins;@mariana.pinto
@lorena.moraes;@arthur.cardoso
@bruno.barbosa;@matheus.santos
@valentina.souza;@manuela.ribeiro
@ana;@mariana.pereira
@pedro.silva;@gustavo.pinto
@davi;@laura.oliveira
@mariana.pereira81;@livia.teixeira
@lorena.moraes;@beatriz.almeida
@livia.freitas;@yasmin.almeida
@bruno.freitas;@matheus.santos65
@laura.cardoso62;@zeca.cardoso
@yasmin.almeida;@theo.ribeiro
@sofia.teixeira;@sofia.rocha21
@xenia.teixeira;@arthur.freitas
@laura.ribeiro41;@ursula.ribeiro
@sofia.costa;@miguel.freitas
@julia.rocha;@helena.lima
@beatriz.souza;@theo.moraes15
@joao.silva;@matheus.rocha
@julia.moraes60;@carla.pinto
@zeca.cardoso;@ursula.teixeira
@fabio.santos;@bernardo.dias13
@pedro.barbosa;@valentina.teixeira
@matheus.rocha;@joao.teixeira
@wagner.pereira;@theo.moraes15
@davi;@bruno.freitas
@heitor.freitas;@ursula.ribeiro
@isabela.freitas46;@joao.martins
@mariana.barbosa;@livia.costa
@matheus.rocha;@joao.silva
@samuel.dias;@theo.moraes15
@bernardo.silva;@quesia.dias
@carla.oliveira;@nicolas.barbosa
@laura.cardoso;@theo.cardoso
@alice.moraes;@davi
@arthur.freitas;@isabela.cardoso12
@livia.teixeira;@mariana.pereira81
@olivia.santos;@theo.ribeiro
@manuela.silva;@sofia.cardoso
@bruno.almeida;@laura.pinto
@gael.ribeiro13;@davi
@wagner.martins;@enzo.pinto
@matheus.santos65;@livia.gomes
@mariana.pereira81;@livia.freitas
@lorena.pereira;@beatriz.almeida
@zeca.barbosa;@pedro.barbosa
@ana.costa59;@theo.moraes15
@quesia.ribeiro;@ursula.cardoso
@beatriz.pereira;@ana.santos
@bruno;@fabio
@felipe.silva;@joao.gomes
@sofia.rocha;@davi
@mariana.barbosa;@beatriz.almeida
@joao.moraes;@bruno.silva
@miguel.freitas;@olivia.costa
@beatriz.souza;@fabio.ramos
@julia.moraes60;@joao.cardoso
@gustavo.pinto;@alice.freitas4
@nicolas.barbosa;@theo.freitas
@eva.ribeiro;@mariana.barbosa
@rafael.pinto;@enzo.pereira
@enzo.rocha;@bernardo.martins
@arthur.teixeira;@felipe.barbosa41
@manuela.ribeiro;@manuela.lima
@livia.teixeira;@isabela.cardoso
@samuel.pinto;@caio.freitas
@laura.ribeiro;@theo.moraes15
@beatriz.pinto;@heitor.rocha
@lorena.rocha;@laura.ribeiro41
@pedro.silva;@livia.teixeira
@wagner.freitas;@bernardo.dias
@fabio.martins;@ana.santos
@davi.santos;@nicolas.barbosa
@carla;@matheus.dias
@gustavo.silva;@davi
@sofia.teixeira;@zeca.cardoso
@theo.moraes15;@olivia.ramos
@quesia.ribeiro;@rafael.pinto17
@beatriz.pinto;@beatriz.santos
@manuela.ribeiro;@rafael.dias
@theo.ribeiro;@gael.ribeiro
@fabio.santos;@helena.freitas
@ana;@helena.silva
@davi.freitas;@zeca.cardoso
@manuela.almeida;@theo.moraes15
@bruno.freitas;@davi
@wagner.martins;@laura.pereira
@tiago.santos;@samuel.rocha
@leonardo.dias;@tiago.pereira
@wagner.freitas;@theo.ribeiro
@laura.silva;@quesia.teixeira
@theo.moraes87;@enzo.rocha
@miguel.pinto54;@livia.teixeira
@tiago.santos;@gustavo.costa
@samuel.santos;@quesia.ribeiro
@mariana.gomes;@joao.teixeira
@ursula.freitas;@wagner.pereira
@wagner.pereira;@helena.rocha
@helena.lima;@pedro.barbosa
@davi;@julia.moraes
@nicolas.ramos;@mariana.pinto
@julia.moraes60;@felipe.barbosa41
@sofia.cardoso;@rafael.pinto
@livia.teixeira;@helena.rocha
@tiago.pereira;@helena.lima
@heitor.ramos;@joao.cardoso
@felipe.barbosa41;@sofia.costa
@tiago.pereira;@alice.moraes
@nicolas.ramos;@davi
@felipe.oliveira;@valentina.silva
@davi;@carla
@beatriz.pinto;@nicolas.gomes
@julia.moraes;@theo.moraes
@sofia.santos39;@enzo.pereira
@matheus.santos;@fabio.martins
@fabio.almeida;@lorena.rocha
@debora.ramos;@manuela.ribeiro
@julia.barbosa;@mariana.pereira81
@tiago.silva;@sofia.teixeira
@joao.cardoso67;@gustavo.silva
@rafael.pinto17;@isabela.freitas46
@julia.moraes60;@theo.freitas
@ana.costa59;@samuel.pinto
@debora.cardoso94;@livia.freitas
@felipe.silva;@manuela.ribeiro
@bruno.barbosa;@nicolas.cardoso
@quesia.ribeiro;@caio.freitas
@laura.pinto;@manuela.ribeiro
@wagner.pereira;@sofia.cardoso
@debora.ramos;@nicolas.barbosa
@bruno.almeida;@heitor.ramos
@carla.pinto;@ana.santos
@olivia.ramos;@felipe.oliveira
@nicolas.gomes;@ana.costa
@lucas.pinto;@laura.ribeiro
@xenia.teixeira;@tiago.pereira
@julia.moraes60;@theo.moraes15
@theo.moraes87;@pedro.barbosa
@eva.silva;@nicolas.barbosa
@davi;@miguel.moraes
@theo.moraes;@zeca.barbosa
@enzo.pinto;@cecilia.dias
@ursula.ribeiro;@beatriz.pinto
@valentina.teixeira;@theo.moraes87
@rafael.pinto62;@enzo.pereira
@arthur.teixeira;@fabio
@tiago.freitas;@miguel.pinto
@samuel.almeida;@nicolas.cardoso
@julia.barbosa;@joao.freitas
@enzo.pinto;@valentina.teixeira
@laura.cardoso62;@leonardo.dias
@laura.cardoso62;@theo.moraes15
@caio.freitas;@valentina.rocha
@laura.cardoso62;@sofia.rocha21
@livia.freitas;@quesia.ribeiro
@beatriz.souza;@manuela.silva
@fabio.martins;@mariana.barbosa
@laura.cardoso62;@valentina.teixeira
@livia.costa;@manuela.ribeiro
@arthur.teixeira;@enzo.pinto
@lucas.pinto;@julia.moraes60
@karina.santos;@theo.moraes15
@caio.freitas;@davi.silva
@luisa.ramos;@samuel.moraes92
@quesia.teixeira64;@fabio.ramos
@felipe.silva;@fabio.martins
@carla.pinto;@manuela.gomes
@fabio.martins;@theo.martins5
@debora.cardoso94;@felipe.oliveira
@mariana.pereira81;@cecilia.dias
@ana;@eva.silva
@beatriz.almeida;@pedro.barbosa
@valentina.teixeira;@laura.pereira
@miguel.pinto54;@zeca.barbosa
@cecilia.moraes;@laura.cardoso
@wagner.souza;@theo.moraes15
@fabio.almeida;@beatriz.gomes
@mariana.martins;@nicolas.cardoso
@arthur.freitas;@eva.silva
@laura.silva;@bruno.barbosa
@lucas.barbosa;@carla.oliveira
@joao.cardoso67;@ursula.teixeira
@isabela.freitas46;@joao.teixeira
@theo.moraes;@samuel.almeida
@julia.freitas;@bruno.barbosa
@miguel.moraes;@joao.cardoso
@mariana.barbosa;@ana.costa
@theo.ribeiro;@debora.ramos
@theo.moraes87;@heitor.moraes
@gabi;@julia.freitas
@samuel.souza;@eva.silva
@isabela.freitas;@davi
@felipe.barbosa41;@isabela.cardoso12
@ana.santos;@matheus.santos
@tiago.santos;@enzo.pereira
@mariana.martins;@beatriz.gomes
@quesia.dias;@miguel.pinto
@joao.freitas;@mariana.pinto
@bruno.freitas;@gael.ribeiro
@alice.freitas;@matheus.dias
@pedro.barbosa;@eva.silva
@gabi.ribeiro;@debora.dias
@mariana.barbosa;@arthur.santos
@ana.costa;@ana.costa59
@ana;@carla
@carla;@theo.ribeiro
@samuel.santos;@davi
@samuel.rocha;@livia.freitas
@helena.lima;@bruno.barbosa
@theo.moraes15;@livia.teixeira
@matheus.dias;@alice.freitas4
@laura.oliveira;@manuela.lima
@nicolas.ramos;@eva.silva
@quesia.ribeiro;@gabi
@bruno.almeida;@matheus.santos
@manuela.ribeiro;@theo.moraes87
@theo.martins5;@mariana.pinto
@theo.cardoso;@carla.martins
@beatriz.pinto;@theo.ribeiro
@ana.costa59;@olivia.ramos
@miguel.moraes;@lorena.moraes
@enzo.pereira;@laura.ribeiro
@julia.moraes;@mariana.barbosa
@julia.moraes;@ana.ramos
@isabela.cardoso;@livia.teixeira
@carla.martins;@valentina.souza
@theo.martins;@felipe.oliveira
@livia.freitas;@rafael.pinto17
@theo.moraes87;@fabio.martins
@mariana.pereira81;@miguel.pinto
@samuel.pinto;@eva.silva
@ursula.cardoso;@davi
@livia.costa;@theo.moraes15
@valentina.souza;@olivia.ramos
@bruno.freitas;@lorena.rocha
@joao.teixeira;@alice.freitas
@laura.cardoso62;@ana
@wagner.pereira;@leonardo.ramos
@zeca.cardoso;@davi.silva
@joao.freitas;@manuela.almeida
@caio.barbosa;@eva.silva
@bernardo.silva;@arthur.barbosa
@matheus.santos;@bruno.silva
@nicolas.cardoso;@samuel.almeida
@gabi.pinto;@lorena.rocha
@yasmin.ribeiro;@enzo.pinto
@mariana.pinto;@zeca.cardoso
@ursula.ramos;@davi
@debora.rocha;@davi
@arthur.santos;@davi
@davi.santos21;@zeca.ribeiro
@laura.cardoso62;@joao.cardoso67
@bernardo.dias;@mariana.pinto
@enzo.pereira;@arthur.barbosa
@samuel.moraes;@joao.teixeira
@zeca.barbosa;@joao.cardoso
@yasmin.ribeiro;@eva.silva
@bernardo.silva;@arthur.ramos
@helena.freitas;@davi
@theo.martins;@lorena.rocha
@matheus.ramos;@ana.santos
@livia.gomes;@beatriz.almeida
@julia.barbosa;@tiago.silva
@arthur.santos;@beatriz.pinto
@rafael.silva;@laura.ribeiro
@debora.dias;@mariana.pereira81
@fabio.martins;@theo.moraes87
@mariana.pinto;@manuela.ribeiro
@laura.cardoso62;@theo.moraes
@zeca.barbosa;@theo.ribeiro
@davi;@mariana.barbosa
@enzo.pereira;@valentina.silva
@samuel.moraes92;@tiago.pereira
@sofia.teixeira;@wagner.barbosa
@wagner.martins;@lorena.rocha
@theo.moraes15;@ursula.freitas
@caio.freitas;@laura.ribeiro
@manuela.gomes;@theo.cardoso
@yasmin.costa;@wagner.freitas
@joao.martins;@leonardo.ramos
@mariana.pereira81;@wagner.souza
@davi;@carla.oliveira
@karina.santos;@samuel.pinto
@laura.cardoso62;@helena.silva
@laura.cardoso62;@wagner.freitas
@livia.costa;@fabio.almeida
@felipe.oliveira;@joao.freitas
@fabio.ramos;@tiago.santos
@ana;@eva
@laura.cardoso62;@matheus.ramos
@tiago.silva;@beatriz.santos
@pedro.barbosa;@felipe.silva
@lorena.rocha;@beatriz.souza
@fabio.martins;@yasmin.costa
@tiago.pereira;@laura.oliveira
@yasmin.martins;@sofia.costa
@davi.santos;@ana.santos
@nicolas.ramos;@tiago.santos
@beatriz.almeida;@beatriz.gomes
@beatriz.gomes;@manuela.silva
@manuela.lima;@lorena.rocha
@ana.ramos;@beatriz.pereira4
@isabela.cardoso;@fabio.ramos
@carla.pereira;@livia.teixeira
@joao.freitas;@bernardo.martins
@beatriz.pinto;@beatriz.almeida
@zeca.ribeiro;@laura.silva
@samuel.almeida;@theo.martins
@theo.cardoso;@zeca.ribeiro
@heitor.moraes;@enzo.rocha
@julia.rocha;@beatriz.almeida
@olivia.freitas;@miguel.costa
@zeca.ribeiro;@bernardo.dias
@manuela.almeida;@manuela.ribeiro
@quesia.ribeiro;@nicolas.gomes
@olivia.costa;@alice.freitas4
@samuel.rocha;@arthur.santos
@fabio.martins;@bruno
@karina.santos;@ursula.freitas
@davi;@sofia.teixeira23
@sofia.santos;@theo.ribeiro
@carla.pereira;@olivia.costa
@davi.dias;@mariana.pereira81
@ana.santos;@samuel.pinto
@pedro.barbosa;@sofia.cardoso
@rafael.pinto62;@mariana.pinto
@lorena.pereira;@carla.pinto7
@davi.santos21;@yasmin.almeida
@nicolas.ramos;@theo.moraes
@nicolas.martins;@joao.gomes
@carla.freitas;@ursula.teixeira
@vitor.lima;@quesia.ribeiro
@olivia.santos;@ana.santos
@matheus.santos65;@joao.martins
@lorena.pereira;@leonardo.ramos
@nicolas.barbosa;@davi.santos
@mariana.barbosa;@nicolas.cardoso
@wagner.barbosa;@manuela.ribeiro
@miguel.costa;@rafael.dias
@arthur.ramos;@alice.freitas4
@fabio.ramos;@theo.moraes87
@carla.pinto;@olivia.ramos
@davi;@heitor.ramos92
@ana.ramos;@ana.santos
@tiago.santos;@manuela.ribeiro
@yasmin.ribeiro;@sofia.cardoso
@laura.pereira;@valentina.teixeira
@beatriz.souza;@heitor.moraes
@davi.santos;@beatriz.pinto
@bernardo.silva;@joao.martins
@beatriz.pinto;@theo.freitas
@julia.freitas;@laura.silva
@rafael.pinto;@carla.oliveira
@gael.ribeiro;@valentina.teixeira
@debora.ramos;@xenia.teixeira
@laura.ribeiro41;@mariana.pereira81
@wagner.souza;@nicolas.barbosa
@beatriz.souza;@laura.cardoso62
@livia.gomes;@lorena.rocha
@mariana.pinto;@julia.oliveira
@eva;@beatriz.pereira
@samuel.santos;@eva.silva
@gael.ribeiro13;@joao.cardoso
@matheus.ramos;@matheus.santos
@ana.ramos;@tiago.silva
@tiago.silva;@laura.pinto
@rafael.dias;@rafael.pinto
@rafael.pinto;@wagner.barbosa
@samuel.almeida;@mariana.almeida
@bruno;@yasmin.martins
@mariana.pereira81;@lorena.moraes
@wagner.barbosa;@carla.oliveira
@felipe.oliveira;@gustavo.silva
@bernardo.dias;@zeca.cardoso
@laura.ribeiro;@davi.santos21
@theo.martins5;@samuel.santos
@bruno.barbosa;@davi
@theo.moraes87;@samuel.almeida
@livia.teixeira;@lorena.rocha
@eva.ribeiro;@carla.pinto7
@olivia.santos;@zeca.barbosa
@matheus.dias;@eva.ribeiro
@zeca.barbosa;@laura.martins
@manuela.ribeiro;@sofia.costa
@pedro.silva;@nicolas.martins
@quesia.teixeira64;@olivia.costa
@laura.pereira;@theo.moraes15
@joao.teixeira;@theo.ribeiro
@enzo.pinto;@enzo.rocha
@manuela.silva;@gustavo.pinto
@arthur.santos;@matheus.ramos
@beatriz.souza;@gabi.barbosa
@gabi.pinto;@laura.cardoso
@rafael.dias;@davi
@zeca.cardoso;@alice.moraes
@sofia.rocha;@fabio.almeida
@beatriz.pereira4;@helena.lima
@laura.cardoso;@theo.ribeiro
@miguel.freitas;@xenia.dias
@eva.silva;@sofia.teixeira23
@debora.rocha;@sofia.santos
@joao.cardoso;@joao.moraes
@livia.gomes;@mariana.barbosa
@felipe.oliveira24;@davi
@arthur.ramos;@joao.gomes
@wagner.pereira;@beatriz.souza
@mariana.gomes;@matheus.ramos
@manuela.ribeiro;@gael.ribeiro
@matheus.dias;@mariana.barbosa
@theo.freitas;@alice.freitas4
@theo.ribeiro;@laura.pereira
@manuela.gomes;@xenia.teixeira
@laura.oliveira;@wagner.pereira
@laura.oliveira;@xenia.pinto
@arthur.santos;@theo.cardoso
@gabi.pinto;@theo.moraes
@julia.moraes;@livia.gomes
@lucas.barbosa;@samuel.souza
@matheus.santos65;@tiago.pereira
@theo.ribeiro;@samuel.almeida
@samuel.rocha;@davi
@ursula.ribeiro;@ana.santos
@livia.costa;@laura.pereira
@theo.freitas;@samuel.moraes92
@enzo.pereira;@laura.cardoso62
@theo.moraes87;@joao.cardoso
@tiago.silva;@quesia.ribeiro
@matheus.rocha;@valentina.cardoso
@miguel.pinto;@theo.moraes87
@arthur.cardoso;@theo.moraes15
@gustavo.almeida;@yasmin.almeida
@beatriz.santos;@ursula.teixeira
@ursula.ribeiro;@valentina.cardoso
@arthur.barbosa;@livia.teixeira
@caio.barbosa;@pedro.barbosa
@yasmin.martins;@wagner.freitas
@nicolas.barbosa;@pedro.barbosa
@pedro.barbosa;@mariana.pereira81
@quesia.ribeiro;@ursula.ribeiro
@valentina.teixeira;@tiago.santos
@davi;@davi.santos
@theo.freitas;@zeca.cardoso
@bernardo.dias;@ursula.teixeira
@samuel.pinto;@beatriz.souza
@laura.ribeiro41;@theo.moraes15
@davi;@nicolas.gomes
@matheus.santos65;@debora.dias
@julia.rocha;@pedro.barbosa
@davi.dias;@samuel.rocha
@miguel.costa;@manuela.silva
@matheus.santos;@valentina.rocha
@olivia.freitas;@wagner.souza
@quesia.ribeiro;@theo.ribeiro
@joao.martins;@manuela.almeida
@isabela.freitas46;@davi
@nicolas.gomes;@arthur.cardoso
@samuel.almeida;@davi.dias
@nicolas.ramos;@samuel.santos
@enzo.rocha;@heitor.ramos
@theo.ribeiro;@leonardo.ramos
@laura.oliveira;@tiago.pereira
@gabi.pinto;@enzo.pinto
@arthur.teixeira;@quesia.rocha
@livia.freitas;@isabela.pereira
@quesia.teixeira;@tiago.pereira
@arthur.freitas;@quesia.ribeiro
@tiago.santos;@valentina.teixeira
@sofia.costa;@laura.ribeiro
@isabela.freitas46;@laura.silva
@livia.gomes;@davi.dias
@quesia.teixeira64;@wagner.pereira46
@quesia.ribeiro;@tiago.freitas
@valentina.souza;@quesia.ribeiro
@helena.gomes;@eva.silva
@davi.santos;@helena.rocha
@isabela.cardoso12;@zeca.ribeiro
@yasmin.costa;@samuel.moraes
@zeca.barbosa;@ursula.cardoso
@davi;@eva.ribeiro
@pedro.barbosa;@davi
@lucas.pinto;@ana.costa
@theo.moraes15;@pedro.barbosa
@cecilia.dias;@isabela.freitas46
@helena.lima;@theo.ribeiro
@ana.costa;@cecilia.dias
@joao.freitas;@nicolas.barbosa
@theo.martins;@mariana.pereira81
@ana.costa;@joao.martins
@yasmin.almeida;@pedro.barbosa
@sofia.rocha21;@laura.martins
@sofia.rocha;@laura.ribeiro41
@lorena.moraes;@ana.santos
@samuel.pinto;@laura.ribeiro41
@pedro.barbosa;@ana.santos
@sofia.santos39;@davi.santos21
@caio.barbosa;@lorena.rocha
@beatriz.santos;@joao.freitas
@theo.moraes87;@leonardo.ramos
@arthur.freitas;@fabio.martins
@carla.pinto;@wagner.pereira46
@luisa.almeida;@ana.santos
@mariana.pinto;@rafael.pinto62
@manuela.lima;@theo.ribeiro
@beatriz.souza;@beatriz.santos
@nicolas.barbosa;@sofia.costa
@pedro.silva;@wagner.pereira
@sofia.rocha;@rafael.pinto
@ursula.cardoso;@beatriz.souza
@laura.martins;@isabela.cardoso12
@nicolas.gomes;@lucas.barbosa
@julia.oliveira;@olivia.santos
@bruno.barbosa;@fabio.pinto
@julia.moraes60;@zeca.barbosa
@julia.rocha;@isabela.cardoso
@joao.teixeira;@mariana.gomes
@joao.freitas;@gabi
@olivia.costa;@zeca.barbosa
@enzo.pinto;@beatriz.santos
@nicolas.martins;@sofia.santos39
@tiago.santos;@fabio.ramos
@carla.pereira;@alice.freitas4
@luisa.ramos;@davi
@isabela.pereira;@olivia.costa
@enzo.santos;@sofia.cardoso
@mariana.almeida;@theo.moraes87
@davi;@ursula.ribeiro
@beatriz.santos;@manuela.gomes
@miguel.pinto;@enzo.pereira
@debora.cardoso;@lucas.barbosa
@zeca.ribeiro;@arthur.santos
@felipe.silva;@lorena.moraes
@olivia.costa;@wagner.martins
@livia.freitas;@theo.ribeiro
@eva;@theo.moraes87
@arthur.barbosa;@theo.martins5
@beatriz.santos;@enzo.rocha
@ursula.ramos;@yasmin.almeida
@quesia.ribeiro;@felipe.silva
@cecilia.dias;@sofia.costa
@ana.teixeira;@gustavo.pinto
@mariana.pinto;@caio.barbosa
@nicolas.cardoso;@miguel.costa
@davi;@tiago.santos
@samuel.santos;@bruno.silva
@tiago.silva;@heitor.ramos92
@ana.ramos;@isabela.cardoso12
@ana.teixeira;@mariana.barbosa
@heitor.ramos;@enzo.rocha
@yasmin.almeida;@mariana.pereira81
@davi.santos;@theo.freitas
@manuela.silva;@enzo.pinto
@joao.martins;@theo.moraes15
@laura.oliveira;@miguel.moraes
@sofia.cardoso;@nicolas.cardoso
@heitor.moraes;@sofia.teixeira23
@samuel.rocha;@lucas.pinto
@davi.silva;@theo.moraes15
@nicolas.gomes;@wagner.barbosa
@pedro.barbosa;@mariana.gomes
@olivia.santos;@enzo.pinto
@beatriz.pinto;@xenia.pinto
@julia.barbosa;@gabi.barbosa
@sofia.rocha21;@zeca.barbosa
@davi.santos;@alice.freitas4
@xenia.pinto;@theo.ribeiro
@mariana.ribeiro;@miguel.pinto54
@enzo.pereira;@rafael.pinto
@laura.silva;@miguel.freitas
@olivia.freitas;@gustavo.oliveira
@rafael.pinto17;@nicolas.cardoso
@arthur.teixeira;@joao.moraes
@quesia.ribeiro;@mariana.pinto
@eva.ribeiro;@davi
@carla;@pedro.barbosa
@julia.moraes;@xenia.pinto
@fabio.almeida;@matheus.rocha
@rafael.silva;@zeca.cardoso
@matheus.dias;@beatriz.gomes
@felipe.barbosa41;@enzo.pereira
@mariana.pereira81;@sofia.santos39
@fabio.almeida;@mariana.almeida
@enzo.pinto;@arthur.freitas
@xenia.teixeira;@theo.moraes87
@laura.cardoso62;@joao.freitas
@arthur.freitas;@laura.silva
@manuela.almeida;@joao.gomes
@beatriz.santos;@matheus.ramos
@bernardo.martins;@davi.freitas
@olivia.ramos;@davi
@matheus.dias;@beatriz.pinto
@miguel.pinto54;@isabela.pereira
@nicolas.gomes;@fabio.santos
@alice.freitas4;@davi
@debora.rocha;@alice.ribeiro
@fabio.ramos;@gabi.barbosa
@manuela.rocha;@debora.cardoso94
@valentina.silva;@rafael.pinto
@davi.santos21;@enzo.rocha
@quesia.teixeira;@manuela.ribeiro
@cecilia.moraes;@debora.rocha
@fabio.martins;@ana.costa
@eva.silva;@manuela.lima
@lorena.pereira;@pedro.barbosa
@beatriz.pereira4;@joao.martins
@gael.ribeiro;@eva.silva
@fabio.martins;@laura.oliveira
@matheus.santos;@bernardo.silva
@davi;@alice.freitas
@tiago.santos;@ana.santos
@wagner.freitas;@tiago.freitas
@ursula.cardoso;@quesia.teixeira
@theo.moraes15;@sofia.rocha
@nicolas.freitas;@nicolas.barbosa
@leonardo.dias;@beatriz.almeida
@miguel.moraes;@beatriz.pinto
@arthur.teixeira;@manuela.ribeiro
@fabio.martins;@eva.silva
@davi;@olivia.santos
@nicolas.gomes;@theo.martins
@miguel.moraes;@sofia.cardoso
@tiago.santos;@enzo.pinto
@caio.freitas;@beatriz.almeida
@sofia.rocha21;@davi
@enzo.pinto;@livia.gomes
@ursula.ribeiro;@theo.moraes15
@ana.santos;@alice.freitas
@quesia.ribeiro;@joao.cardoso67
@helena.silva;@arthur.barbosa
@quesia.ribeiro;@mariana.ribeiro
@ursula.ramos;@theo.moraes15
@manuela.ribeiro;@zeca.barbosa
@tiago.santos;@wagner.freitas
@joao.teixeira;@davi
@beatriz.santos;@rafael.dias
@mariana.gomes;@eva.silva
@valentina.silva;@theo.ribeiro
@felipe.barbosa41;@carla.oliveira
@heitor.freitas;@valentina.souza
@samuel.rocha;@helena.silva
@laura.cardoso;@gael.ribeiro13
@ana;@helena.freitas
@rafael.silva;@ursula.cardoso
@olivia.ramos;@joao.cardoso67
@theo.moraes;@miguel.costa
@tiago.pereira;@pedro.barbosa
@ursula.teixeira;@eva.silva
@samuel.moraes92;@enzo.rocha
@eva.silva;@enzo.pereira
@theo.ribeiro;@arthur.freitas
@olivia.santos;@pedro.barbosa
@pedro.barbosa;@bernardo.dias
@ursula.ribeiro;@joao.martins
@mariana.pereira;@pedro.barbosa
@ana.costa59;@gael.ribeiro13
@xenia.pinto;@theo.moraes15
@isabela.cardoso12;@ana.costa
@sofia.cardoso;@arthur.santos
@laura.martins;@mariana.ribeiro
@pedro.barbosa;@theo.martins5
@leonardo.ramos;@mariana.ribeiro
@manuela.ribeiro;@enzo.santos
@heitor.moraes;@theo.moraes87
@theo.moraes15;@manuela.almeida
@ana;@laura.cardoso62
@davi;@rafael.silva
@mariana.almeida;@mariana.gomes
@miguel.freitas;@wagner.pereira
@mariana.pinto;@pedro.barbosa
@beatriz.pereira4;@julia.oliveira
@nicolas.ramos;@felipe.barbosa41
@livia.gomes;@yasmin.almeida
@wagner.souza;@gabi
@ana.costa;@ursula.ramos
@fabio.martins;@enzo.pinto
@quesia.ribeiro;@debora.dias
@olivia.santos;@beatriz.souza
@julia.moraes;@sofia.santos
@caio.barbosa;@enzo.pereira
@enzo.pinto;@manuela.ribeiro
@manuela.ribeiro;@mariana.almeida
@theo.freitas;@xenia.dias
@helena.lima;@pedro.silva
@alice.freitas;@ana.santos
@lorena.moraes;@eva.silva
@quesia.ribeiro;@arthur.santos
@mariana.barbosa;@theo.moraes15
@theo.martins;@isabela.cardoso
@tiago.silva;@xenia.dias
@gabi.barbosa;@quesia.teixeira64
@julia.rocha;@mariana.pereira81
@arthur.santos;@manuela.ribeiro
@yasmin.ribeiro;@cecilia.dias
@bruno;@zeca.ribeiro
@isabela.cardoso12;@enzo.pereira
@ursula.cardoso;@sofia.teixeira
@arthur.santos;@theo.ribeiro
@theo.ribeiro;@enzo.rocha
@mariana.gomes;@sofia.teixeira
@rafael.pinto17;@matheus.santos
@lucas.pinto;@manuela.ribeiro
@mariana.martins;@miguel.costa
@davi;@beatriz.pereira4
@fabio;@bruno
@ana.santos;@luisa.almeida
@matheus.santos65;@ursula.cardoso
@nicolas.cardoso;@felipe.oliveira
@olivia.costa;@beatriz.pinto
@bruno.freitas;@fabio.santos
@ursula.ramos;@cecilia.moraes
@carla;@fabio.martins
@theo.moraes87;@lorena.rocha
@sofia.teixeira;@davi
@rafael.pinto17;@pedro.barbosa
@ana.santos;@cecilia.moraes
@quesia.rocha;@alice.freitas
@ursula.cardoso;@laura.silva
@arthur.ramos;@laura.pereira
@enzo.pereira;@fabio.santos
@leonardo.dias30;@xenia.teixeira
@gustavo.oliveira;@theo.ribeiro
@olivia.ramos;@felipe.oliveira24
@felipe.silva;@nicolas.martins
@samuel.moraes92;@davi
@julia.rocha;@miguel.costa
@samuel.almeida;@cecilia.dias
@pedro.barbosa;@laura.martins
@beatriz.pereira4;@theo.ribeiro
@olivia.freitas;@rafael.dias
@yasmin.martins;@olivia.freitas
@cecilia.dias;@pedro.barbosa
@alice.moraes;@wagner.martins
@matheus.santos;@mariana.ribeiro
@bernardo.dias;@mariana.pereira81
@theo.ribeiro;@beatriz.pinto
@wagner.barbosa;@joao.cardoso67
@arthur.barbosa;@beatriz.pereira4
@samuel.souza;@xenia.teixeira
@lucas.pinto;@rafael.pinto62
@quesia.teixeira;@isabela.cardoso
@olivia.costa;@isabela.ramos
@sofia.santos39;@bernardo.dias
@carla.pereira;@laura.ribeiro41
@bernardo.silva;@xenia.teixeira
@arthur.santos;@rafael.pinto62
@wagner.souza;@joao.cardoso
@lorena.moraes;@mariana.pinto
@samuel.souza;@nicolas.cardoso
@carla.oliveira;@pedro.barbosa
@alice.moraes;@samuel.santos
@joao.silva;@arthur.cardoso
@laura.cardoso62;@theo.ribeiro
@laura.ribeiro41;@arthur.cardoso
@matheus.rocha;@wagner.martins
@alice.freitas;@eva.ribeiro
@joao.gomes;@davi
@xenia.dias;@pedro.barbosa
@pedro.silva;@carla.pinto7
@ursula.ramos;@mariana.pereira81
@yasmin.almeida;@samuel.rocha
@laura.pereira;@lucas.pinto
@beatriz.pereira4;@debora.rocha
@theo.moraes15;@heitor.ramos92
@valentina.silva;@eva.silva
@rafael.dias;@carla.pereira
@debora.ramos;@bernardo.dias
@rafael.pinto62;@enzo.pinto
@fabio.martins;@lorena.pereira
@davi.silva;@quesia.ribeiro
@wagner.martins;@theo.ribeiro
@beatriz.pereira4;@carla
@ana;@miguel.freitas
@helena.lima;@joao.cardoso
@sofia.cardoso;@beatriz.gomes
@enzo.pinto;@tiago.pereira
@quesia.teixeira64;@isabela.cardoso
@joao.martins;@xenia.teixeira
@cecilia.dias;@olivia.ramos
@joao.gomes;@theo.ribeiro
@miguel.costa;@joao.gomes
@debora.ramos;@enzo.rocha
@gustavo.pinto;@ana.teixeira
@valentina.teixeira;@wagner.pereira
@wagner.freitas;@tiago.santos
@livia.costa;@arthur.santos
@miguel.pinto;@beatriz.pinto
@miguel.pinto;@samuel.almeida
@enzo.pereira;@joao.gomes
@mariana.pereira81;@isabela.cardoso
@caio.barbosa;@livia.gomes
@sofia.teixeira23;@isabela.cardoso12
@yasmin.almeida;@nicolas.ramos
@bruno.barbosa;@quesia.ribeiro
@quesia.ribeiro;@beatriz.pereira4
@pedro.barbosa;@matheus.santos65
@olivia.freitas;@manuela.gomes
@quesia.ribeiro;@julia.rocha
@isabela.freitas;@laura.pinto
@gael.ribeiro;@wagner.barbosa
@isabela.cardoso12;@davi
@mariana.pereira81;@cecilia.moraes
@karina.santos;@julia.oliveira
@debora.cardoso;@nicolas.freitas
@gustavo.pinto;@valentina.souza
@rafael.silva;@joao.moraes
@nicolas.cardoso;@mariana.ribeiro
@nicolas.cardoso;@arthur.ramos
@joao.moraes;@mariana.ribeiro
@wagner.pereira46;@valentina.teixeira
@bernardo.martins;@manuela.ribeiro
@alice.moraes;@theo.ribeiro
@davi;@gabi
@arthur.cardoso;@eva.silva
@carla.freitas;@theo.moraes15
@julia.moraes;@eva.silva
@beatriz.pereira4;@carla.oliveira
@yasmin.martins;@theo.ribeiro
@nicolas.freitas;@laura.ribeiro
@carla.pinto7;@joao.silva
@lorena.moraes;@theo.moraes15
@debora.cardoso94;@mariana.ribeiro
@sofia.teixeira;@fabio.ramos
@gustavo.silva;@ana.teixeira
@cecilia.dias;@alice.freitas4
@carla;@davi
@samuel.santos;@theo.ribeiro
@heitor.souza;@mariana.barbosa
@theo.moraes15;@cecilia.gomes
@manuela.silva;@nicolas.martins
@zeca.ribeiro;@ana.santos
@arthur.freitas;@matheus.rocha
@davi.santos;@laura.cardoso
@miguel.moraes;@carla.oliveira
@leonardo.ramos;@laura.ribeiro
@theo.ribeiro;@mariana.pinto
@carla.pinto;@ana.costa
@yasmin.ribeiro;@tiago.pereira
@laura.ribeiro;@mariana.martins
@julia.moraes;@samuel.rocha
@bruno.freitas;@enzo.rocha
@quesia.ribeiro;@beatriz.pereira
@beatriz.pinto;@debora.ramos
@gustavo.almeida;@manuela.gomes
@laura.pinto;@gabi.barbosa
@enzo.santos;@enzo.pereira
@wagner.barbosa;@gabi
@ana.santos;@laura.martins
@bruno.barbosa;@joao.silva
@debora.dias;@gustavo.almeida
@carla.freitas;@samuel.pinto
@alice.freitas4;@bernardo.martins
@pedro.barbosa;@joao.teixeira
@theo.ribeiro;@wagner.martins
@theo.moraes15;@theo.martins5
@beatriz.gomes;@yasmin.costa
@yasmin.ribeiro;@mariana.pereira81
@olivia.costa;@miguel.freitas
@beatriz.santos;@gabi
@helena.rocha;@theo.ribeiro
@samuel.pinto;@xenia.teixeira
@gael.ribeiro13;@manuela.ribeiro
@helena.lima;@livia.gomes
@theo.cardoso;@zeca.cardoso
@pedro.silva;@sofia.teixeira23
@tiago.freitas;@gael.ribeiro13
@joao.moraes;@cecilia.dias
@heitor.ramos92;@beatriz.souza
@lorena.pereira;@matheus.santos
@bernardo.dias;@ursula.cardoso
@livia.freitas;@luisa.almeida
@debora.cardoso;@theo.moraes15
@fabio.almeida;@theo.ribeiro
@sofia.costa;@beatriz.pinto
@davi;@miguel.pinto
@eva;@olivia.ramos
@eva.ribeiro;@valentina.rocha
@bernardo.martins;@theo.ribeiro
@joao.moraes;@carla.pinto
@bernardo.dias13;@enzo.pereira
@joao.cardoso;@manuela.almeida
@laura.martins;@manuela.ribeiro
@tiago.freitas;@fabio.ramos
@mariana.barbosa;@heitor.ramos
@arthur.santos;@theo.freitas
@valentina.teixeira;@pedro.barbosa
@wagner.freitas;@matheus.dias
@heitor.souza;@davi
@helena.rocha;@ana.costa59
@davi;@karina.santos
@livia.gomes;@helena.lima
@felipe.oliveira;@sofia.costa
@ana.costa;@arthur.ramos
@alice.freitas4;@xenia.dias
@carla.martins;@theo.cardoso
@joao.cardoso67;@enzo.pinto
@cecilia.dias;@quesia.teixeira
@theo.martins5;@manuela.ribeiro
@valentina.silva;@yasmin.almeida
@wagner.barbosa;@beatriz.gomes
@olivia.santos;@theo.moraes15
@livia.freitas;@theo.moraes15
@helena.gomes;@theo.moraes15
@olivia.ramos;@isabela.cardoso12
@wagner.pereira;@davi
@alice.freitas4;@heitor.freitas
@matheus.rocha;@helena.rocha
@xenia.teixeira;@samuel.pinto
@livia.gomes;@beatriz.gomes
@samuel.almeida;@ana.costa59
@theo.moraes87;@joao.cardoso67
@caio.freitas;@samuel.pinto
@pedro.silva;@miguel.costa
@laura.oliveira;@livia.gomes
@heitor.moraes;@lucas.pinto
@quesia.ribeiro;@ursula.freitas
@enzo.pinto;@mariana.gomes
@carla.oliveira;@carla.pinto
@bernardo.silva;@davi
@lorena.moraes;@enzo.pinto
@heitor.moraes;@joao.cardoso
@nicolas.gomes;@joao.cardoso67
@arthur.teixeira;@cecilia.dias
@davi.santos21;@debora.rocha
@gabi.barbosa;@fabio.martins
@nicolas.gomes;@matheus.santos
@heitor.ramos92;@theo.moraes15
@zeca.ribeiro;@laura.ribeiro
@livia.costa;@helena.lima
@nicolas.barbosa;@miguel.costa
@beatriz.pinto;@arthur.santos
@julia.moraes;@mariana.ribeiro
@olivia.costa;@davi.santos
@lucas.pinto;@sofia.costa
@davi.dias;@felipe.barbosa41
@felipe.barbosa41;@sofia.cardoso
@carla.pereira;@debora.cardoso
@carla.pereira;@theo.moraes15
@ursula.ribeiro;@matheus.santos
@matheus.santos65;@bernardo.dias13
@mariana.martins;@davi
@enzo.pereira;@yasmin.costa
@felipe.barbosa41;@manuela.almeida
@lorena.rocha;@laura.ribeiro
@sofia.santos39;@fabio.martins
@quesia.ribeiro;@bernardo.silva
@tiago.santos;@carla.martins
@felipe.silva;@zeca.barbosa
@matheus.santos65;@joao.cardoso67
@laura.martins;@helena.lima
@laura.cardoso;@fabio.santos
@bernardo.dias;@isabela.freitas46
@debora.dias;@enzo.santos
@alice.moraes;@cecilia.dias
@matheus.santos65;@pedro.barbosa
@julia.moraes60;@samuel.santos
@bernardo.martins;@samuel.dias
@samuel.souza;@eva.ribeiro
@davi;@tiago.pereira
@helena.lima;@wagner.martins
@gabi;@ana
@joao.gomes;@miguel.costa
@quesia.ribeiro;@arthur.cardoso
@heitor.ramos92;@valentina.silva
@enzo.pereira;@lorena.rocha
@livia.teixeira;@arthur.freitas
@mariana.gomes;@helena.freitas
@ursula.ribeiro;@samuel.souza
@laura.pinto;@joao.gomes
@helena.lima;@laura.cardoso
@laura.cardoso62;@samuel.souza
@helena.lima;@davi
@heitor.moraes;@quesia.ribeiro
@ursula.ramos;@eva.silva
@pedro.silva;@eva.silva
@laura.pinto;@isabela.freitas
@arthur.barbosa;@leonardo.ramos
@olivia.costa;@manuela.ribeiro
@beatriz.pinto;@helena.rocha
@fabio.almeida;@caio.barbosa
@miguel.pinto;@carla.oliveira
@bernardo.martins;@zeca.cardoso
@debora.cardoso94;@karina.santos
@julia.freitas;@rafael.pinto17
@carla.pinto;@arthur.freitas
@theo.freitas;@samuel.santos
@gustavo.silva;@enzo.pinto
@sofia.cardoso;@alice.moraes
@julia.freitas;@arthur.ramos
@ursula.ribeiro;@eva.silva
@ana;@matheus.dias
@manuela.gomes;@alice.freitas4
@cecilia.moraes;@joao.cardoso67
@gabi.barbosa;@pedro.barbosa
@leonardo.dias;@pedro.barbosa
@leonardo.dias;@debora.rocha
@pedro.silva;@quesia.ribeiro
@karina.santos;@xenia.teixeira
@gabi.pinto;@tiago.pereira
@davi;@matheus.dias
@ana.santos;@matheus.ramos
@zeca.cardoso;@arthur.freitas
@nicolas.gomes;@yasmin.ribeiro
@felipe.oliveira;@debora.cardoso94
@pedro.barbosa;@quesia.ribeiro
@arthur.teixeira;@quesia.ribeiro
@leonardo.ramos;@theo.moraes87
@debora.rocha;@davi.santos
@julia.moraes;@laura.cardoso
@nicolas.barbosa;@arthur.santos
@yasmin.almeida;@beatriz.pinto
@samuel.dias;@quesia.ribeiro
@bernardo.dias;@arthur.teixeira
@ana;@theo.ribeiro
@zeca.barbosa;@ana.santos
@gustavo.oliveira;@valentina.teixeira
@yasmin.almeida;@wagner.freitas
@enzo.rocha;@leonardo.dias
@manuela.gomes;@sofia.costa
@ana;@bruno.freitas
@ursula.freitas;@alice.freitas4
@samuel.almeida;@theo.ribeiro
@quesia.ribeiro;@manuela.gomes
@sofia.teixeira23;@zeca.barbosa
@samuel.santos;@rafael.pinto62
@beatriz.pinto;@sofia.costa
@livia.gomes;@alice.freitas4
@livia.costa;@xenia.teixeira
@xenia.pinto;@gael.ribeiro
@davi;@fabio.ramos
@wagner.freitas;@carla.oliveira
@laura.oliveira;@sofia.teixeira23
@matheus.santos65;@matheus.santos
@alice.freitas4;@theo.ribeiro
@samuel.moraes;@wagner.souza
@felipe.barbosa41;@julia.moraes60
@matheus.santos;@matheus.rocha
@lorena.pereira;@theo.moraes15
@bernardo.martins;@julia.moraes
@ana.costa;@joao.teixeira
@joao.teixeira;@isabela.cardoso
@mariana.almeida;@ursula.cardoso
@manuela.gomes;@theo.ribeiro
@beatriz.gomes;@davi
@leonardo.dias;@alice.freitas4
@fabio.martins;@pedro.barbosa
@davi.santos;@matheus.ramos
@samuel.souza;@ana.santos
@theo.ribeiro;@theo.moraes15
@carla.martins;@joao.cardoso
@manuela.ribeiro;@arthur.cardoso
@isabela.cardoso;@joao.teixeira
@laura.martins;@beatriz.almeida
@wagner.souza;@ana.santos
@nicolas.martins;@caio.barbosa
@manuela.gomes;@eva.silva
@wagner.martins;@theo.moraes15
@samuel.rocha;@beatriz.gomes
@isabela.freitas46;@yasmin.ribeiro
@nicolas.martins;@arthur.teixeira
@theo.cardoso;@laura.cardoso
@caio.barbosa;@miguel.pinto
@enzo.rocha;@matheus.santos
@miguel.costa;@nicolas.cardoso
@ana;@davi
@fabio.almeida;@davi
@manuela.lima;@wagner.pereira46
@olivia.ramos;@isabela.cardoso
@debora.rocha;@eva.silva
@enzo.rocha;@joao.silva
@theo.freitas;@sofia.cardoso
@arthur.teixeira;@miguel.costa
@davi.dias;@xenia.dias
@matheus.rocha;@davi.dias
@davi.dias;@samuel.souza
@ana.costa;@ursula.cardoso
@debora.cardoso94;@enzo.pinto
@debora.ramos;@laura.pereira
@theo.ribeiro;@sofia.rocha21
@joao.gomes;@joao.martins
@laura.silva;@nicolas.martins
@zeca.ribeiro;@theo.moraes15
@heitor.moraes;@pedro.barbosa
@samuel.rocha;@quesia.teixeira
@mariana.pinto;@mariana.pereira81
@ursula.freitas;@laura.pinto
@alice.freitas4;@theo.moraes15
@miguel.pinto54;@wagner.freitas
@ursula.freitas;@davi
@carla.pereira;@bernardo.dias13
@livia.gomes;@arthur.teixeira
@joao.cardoso;@pedro.barbosa
@caio.freitas;@eva.ribeiro
@davi.santos;@caio.freitas
@isabela.ramos;@theo.ribeiro
@isabela.freitas46;@julia.rocha
@matheus.rocha;@tiago.silva
@heitor.moraes;@theo.moraes15
@laura.pinto;@gabi
@xenia.dias;@alice.freitas4
@gabi.barbosa;@laura.pinto
@bruno;@ana
@samuel.souza;@theo.martins
@samuel.santos;@xenia.teixeira
@mariana.ribeiro;@lucas.pinto
@rafael.dias;@gael.ribeiro
@julia.freitas;@zeca.cardoso
@eva.silva;@manuela.ribeiro
@beatriz.souza;@samuel.dias
@sofia.santos39;@gabi.ribeiro
@laura.pereira;@davi
@valentina.souza;@matheus.santos
@nicolas.cardoso;@bruno.freitas
@joao.martins;@zeca.cardoso
@samuel.dias;@debora.ramos
@felipe.oliveira;@ana.costa59
@enzo.pinto;@ana.ramos
@nicolas.barbosa;@lorena.pereira
@lucas.pinto;@ana.santos
@theo.cardoso;@quesia.teixeira
@beatriz.souza;@davi
@ursula.cardoso;@eva.silva
@carla.martins;@mariana.pereira81
@beatriz.pereira4;@wagner.pereira
@yasmin.martins;@luisa.ramos
@heitor.ramos;@rafael.dias
@karina.santos;@theo.ribeiro
@manuela.ribeiro;@heitor.souza
@joao.teixeira;@enzo.pinto
@zeca.cardoso;@eva
@olivia.freitas;@quesia.ribeiro
@theo.freitas;@helena.gomes
@gabi.barbosa;@beatriz.souza
@quesia.teixeira;@cecilia.dias
@laura.martins;@ana.santos
@ursula.cardoso;@theo.moraes15
@arthur.freitas;@enzo.rocha
@gabi.barbosa;@helena.rocha
@davi.santos;@wagner.freitas
@carla.pereira;@zeca.cardoso
@nicolas.martins;@pedro.barbosa
@lorena.rocha;@davi
@theo.moraes15;@beatriz.santos
@lucas.barbosa;@matheus.rocha
@fabio.martins;@livia.freitas
@quesia.dias;@theo.ribeiro
@gabi.pinto;@quesia.ribeiro
@quesia.ribeiro;@livia.teixeira
@helena.lima;@wagner.freitas
@joao.cardoso;@heitor.moraes
@samuel.almeida;@zeca.cardoso
@heitor.moraes;@ana
@yasmin.martins;@miguel.pinto
@fabio.ramos;@isabela.cardoso
@davi.silva;@theo.ribeiro
@lucas.pinto;@livia.teixeira
@lorena.moraes;@sofia.cardoso
@davi.dias;@livia.costa
@heitor.moraes;@rafael.dias
@bruno;@valentina.teixeira
@wagner.freitas;@rafael.dias
@fabio.santos;@beatriz.gomes
@ana.costa59;@manuela.ribeiro
@joao.cardoso;@samuel.almeida
@carla.pinto7;@mariana.pereira
@matheus.rocha;@yasmin.ribeiro
@alice.freitas;@tiago.freitas
@isabela.pereira;@fabio.santos
@theo.ribeiro;@gustavo.almeida
@nicolas.gomes;@enzo.pereira
@isabela.freitas46;@laura.cardoso62
@mariana.martins;@samuel.pinto
@laura.cardoso62;@isabela.freitas46
@bernardo.dias;@manuela.gomes
@gustavo.almeida;@theo.moraes15
@beatriz.santos;@matheus.santos
@helena.freitas;@mariana.pereira81
@manuela.lima;@mariana.barbosa
@matheus.santos;@helena.rocha
@rafael.pinto17;@theo.moraes15
@ana.costa;@joao.cardoso
@miguel.moraes;@manuela.almeida
@ursula.freitas;@joao.moraes
@joao.freitas;@davi
@alice.freitas4;@miguel.pinto
@ana.ramos;@arthur.freitas
@heitor.ramos92;@gabi.barbosa
@mariana.pinto;@bernardo.dias
@manuela.ribeiro;@quesia.teixeira
@theo.moraes;@theo.ribeiro
@eva.silva;@zeca.cardoso
@beatriz.pinto;@yasmin.almeida
@carla.pinto7;@theo.ribeiro
@laura.cardoso62;@vitor.lima
@yasmin.martins;@eva.silva
@beatriz.santos;@alice.freitas4
@miguel.freitas;@manuela.ribeiro
@enzo.pereira;@beatriz.santos
@matheus.rocha;@pedro.barbosa
@eva.silva;@isabela.freitas
@eva.silva;@ana.santos
@felipe.silva;@davi
@samuel.moraes92;@ana.santos
@samuel.moraes;@pedro.barbosa
@arthur.freitas;@carla.pinto
@nicolas.freitas;@mariana.gomes
@heitor.ramos92;@livia.freitas
@arthur.barbosa;@gustavo.costa
@ursula.ramos;@debora.ramos
@joao.martins;@enzo.pinto
@olivia.santos;@debora.ramos
@samuel.souza;@theo.ribeiro
@livia.gomes;@mariana.almeida
@carla.freitas;@theo.ribeiro
@caio.barbosa;@beatriz.pinto
@fabio.ramos;@mariana.barbosa
@davi.santos;@debora.rocha
@livia.freitas;@gael.ribeiro13
@theo.moraes15;@arthur.santos
@manuela.gomes;@ana.costa59
@nicolas.gomes;@fabio.ramos
@ursula.freitas;@valentina.teixeira
@tiago.santos;@sofia.santos
@laura.cardoso62;@davi.dias
@theo.moraes87;@ana.costa
@manuela.silva;@yasmin.almeida
@pedro.silva;@zeca.cardoso
@rafael.silva;@mariana.pereira81
@yasmin.almeida;@quesia.ribeiro
@laura.ribeiro41;@zeca.cardoso
@carla.pinto;@davi
@fabio.martins;@carla
@olivia.costa;@helena.rocha
@debora.cardoso;@quesia.ribeiro
@zeca.ribeiro;@enzo.pinto
@miguel.freitas;@theo.moraes15
@gustavo.almeida;@samuel.santos
@alice.moraes;@pedro.silva
@julia.freitas;@davi.freitas
@mariana.pereira81;@beatriz.pereira4
@wagner.pereira46;@theo.moraes15
@davi.silva;@carla.oliveira
@heitor.ramos;@bruno.almeida
@davi.silva;@gustavo.almeida
@julia.freitas;@pedro.barbosa
@beatriz.pinto;@beatriz.pereira
@davi.santos21;@laura.ribeiro
@theo.moraes15;@fabio.pinto
@manuela.lima;@mariana.pereira81
@nicolas.ramos;@yasmin.almeida
@xenia.teixeira;@felipe.barbosa41
@quesia.ribeiro;@gustavo.costa
@arthur.santos;@pedro.barbosa
@arthur.cardoso;@beatriz.pereira
@xenia.dias;@miguel.freitas
@wagner.freitas;@ursula.teixeira
@matheus.santos65;@isabela.freitas
@julia.freitas;@gabi.ribeiro
@pedro.silva;@gabi
@samuel.pinto;@isabela.pereira
@debora.cardoso;@manuela.lima
@felipe.barbosa41;@mariana.barbosa
@zeca.barbosa;@davi
@joao.cardoso;@manuela.ribeiro
@theo.moraes;@eva.ribeiro
@lucas.barbosa;@theo.moraes15
@ursula.cardoso;@zeca.barbosa
@sofia.cardoso;@lorena.rocha
@julia.freitas;@eva.silva
@laura.ribeiro;@pedro.barbosa
@bernardo.dias;@sofia.santos39
@debora.ramos;@laura.ribeiro
@manuela.silva;@felipe.oliveira
@tiago.santos;@helena.rocha
@debora.dias;@quesia.teixeira64
@gael.ribeiro;@davi.dias
@julia.rocha;@theo.ribeiro
@cecilia.dias;@helena.rocha
@tiago.silva;@nicolas.cardoso
@alice.freitas4;@arthur.ramos
@davi.freitas;@zeca.barbosa
@valentina.souza;@beatriz.almeida
@debora.ramos;@quesia.ribeiro
@heitor.moraes;@manuela.ribeiro
@lorena.rocha;@ana.costa
@zeca.cardoso;@alice.freitas
@beatriz.almeida;@theo.ribeiro
@bruno.silva;@laura.ribeiro41
@beatriz.souza;@bernardo.martins
@xenia.pinto;@mariana.ribeiro
@joao.martins;@manuela.rocha
@nicolas.gomes;@beatriz.souza
@gustavo.oliveira;@ana
@quesia.teixeira64;@joao.martins
@livia.costa;@isabela.pereira
@theo.moraes;@nicolas.martins
@joao.silva;@davi
@gabi;@zeca.ribeiro
@beatriz.souza;@isabela.pereira
@davi.silva;@mariana.pereira81
@isabela.ramos;@zeca.cardoso
@debora.dias;@quesia.ribeiro
@laura.ribeiro;@rafael.pinto17
@valentina.rocha;@julia.rocha
@felipe.barbosa;@laura.cardoso62
@joao.moraes;@laura.silva
@davi;@xenia.pinto
@miguel.freitas;@samuel.moraes
@matheus.rocha;@beatriz.pereira4
@zeca.barbosa;@mariana.gomes
@beatriz.souza;@olivia.santos
@matheus.dias;@rafael.dias
@bruno.barbosa;@julia.rocha
@felipe.silva;@mariana.pinto
@lucas.pinto;@davi.silva
@yasmin.ribeiro;@heitor.ramos92
@manuela.almeida;@ana
@nicolas.ramos;@mariana.pereira81
@davi;@cecilia.dias
@enzo.pinto;@olivia.santos
@sofia.santos39;@nicolas.freitas
@beatriz.santos;@davi
@leonardo.ramos;@theo.ribeiro
@gabi.barbosa;@quesia.ribeiro
@nicolas.cardoso;@bernardo.martins
@davi.santos;@lorena.rocha
@joao.martins;@miguel.freitas
@julia.moraes;@ana.costa59
@rafael.pinto17;@wagner.freitas
@laura.silva;@davi
@quesia.ribeiro;@yasmin.almeida
@arthur.barbosa;@wagner.freitas
@manuela.almeida;@sofia.costa
@samuel.almeida;@laura.pinto
@cecilia.moraes;@pedro.barbosa
@valentina.cardoso;@julia.freitas
@carla.martins;@helena.lima
@julia.oliveira;@helena.lima
@theo.martins5;@julia.rocha
@samuel.santos;@arthur.barbosa
@rafael.pinto62;@sofia.cardoso
@gabi;@wagner.souza
@luisa.almeida;@debora.rocha
@fabio;@arthur.freitas
@julia.moraes60;@tiago.silva
@felipe.silva;@sofia.santos
@matheus.santos;@lorena.pereira
@debora.dias;@gabi.ribeiro
@theo.moraes;@mariana.pinto
@tiago.santos;@tiago.freitas
@fabio.martins;@manuela.almeida
@davi.silva;@matheus.santos
@leonardo.dias;@ana.santos
@fabio.martins;@lucas.pinto
@heitor.rocha;@isabela.freitas46
@enzo.pinto;@sofia.santos39
@ana.costa;@debora.cardoso94
@tiago.santos;@joao.cardoso67
@bruno.barbosa;@zeca.cardoso
@carla;@davi.santos
@samuel.souza;@davi.dias
@davi;@ana
@laura.cardoso;@mariana.gomes
@samuel.moraes92;@joao.teixeira
@joao.cardoso67;@arthur.santos
@theo.martins;@enzo.rocha
@livia.freitas;@debora.cardoso94
@lorena.pereira;@carla.freitas
@arthur.barbosa;@zeca.cardoso
@mariana.pinto;@gael.ribeiro
@manuela.lima;@gabi.barbosa
@ana;@ana
